timeSheetID,cashierID,date,timeClockedIn,timeClockedOut
1,1,2023-09-30,9:13:00,21:03:00
2,2,2023-09-30,9:36:00,21:37:00
3,3,2023-09-30,9:26:00,21:00:00
4,4,2023-09-30,9:53:00,21:28:00
5,5,2023-09-30,9:45:00,21:17:00
6,6,2023-09-30,9:38:00,21:23:00
7,1,2023-10-01,9:51:00,21:48:00
8,2,2023-10-01,9:21:00,21:37:00
9,3,2023-10-01,9:45:00,21:11:00
10,4,2023-10-01,9:58:00,21:29:00
11,5,2023-10-01,9:41:00,21:10:00
12,6,2023-10-01,9:41:00,21:53:00
13,1,2023-10-02,9:55:00,21:12:00
14,2,2023-10-02,9:23:00,21:41:00
15,3,2023-10-02,9:28:00,21:15:00
16,4,2023-10-02,9:55:00,21:29:00
17,5,2023-10-02,9:56:00,21:57:00
18,6,2023-10-02,9:20:00,21:10:00
19,1,2023-10-03,9:13:00,21:30:00
20,2,2023-10-03,9:04:00,21:41:00
21,3,2023-10-03,9:11:00,21:32:00
22,4,2023-10-03,9:14:00,21:45:00
23,5,2023-10-03,9:06:00,21:07:00
24,6,2023-10-03,9:48:00,21:28:00
25,1,2023-10-04,9:18:00,21:21:00
26,2,2023-10-04,9:46:00,21:03:00
27,3,2023-10-04,9:04:00,21:32:00
28,4,2023-10-04,9:31:00,21:21:00
29,5,2023-10-04,9:55:00,21:43:00
30,6,2023-10-04,9:13:00,21:49:00
31,1,2023-10-05,9:25:00,21:25:00
32,2,2023-10-05,9:28:00,21:23:00
33,3,2023-10-05,9:16:00,21:25:00
34,4,2023-10-05,9:45:00,21:58:00
35,5,2023-10-05,9:38:00,21:36:00
36,6,2023-10-05,9:20:00,21:14:00
37,1,2023-10-06,9:54:00,21:59:00
38,2,2023-10-06,9:42:00,21:41:00
39,3,2023-10-06,9:33:00,21:23:00
40,4,2023-10-06,9:36:00,21:37:00
41,5,2023-10-06,9:15:00,21:30:00
42,6,2023-10-06,9:57:00,21:48:00
43,1,2023-10-07,9:18:00,21:18:00
44,2,2023-10-07,9:16:00,21:29:00
45,3,2023-10-07,9:44:00,21:17:00
46,4,2023-10-07,9:18:00,21:55:00
47,5,2023-10-07,9:13:00,21:52:00
48,6,2023-10-07,9:22:00,21:41:00
49,1,2023-10-08,9:39:00,21:32:00
50,2,2023-10-08,9:08:00,21:17:00
51,3,2023-10-08,9:40:00,21:47:00
52,4,2023-10-08,9:51:00,21:17:00
53,5,2023-10-08,9:37:00,21:37:00
54,6,2023-10-08,9:09:00,21:17:00
55,1,2023-10-09,9:49:00,21:51:00
56,2,2023-10-09,9:07:00,21:25:00
57,3,2023-10-09,9:08:00,21:00:00
58,4,2023-10-09,9:50:00,21:46:00
59,5,2023-10-09,9:16:00,21:05:00
60,6,2023-10-09,9:46:00,21:26:00
61,1,2023-10-10,9:23:00,21:23:00
62,2,2023-10-10,9:45:00,21:12:00
63,3,2023-10-10,9:02:00,21:43:00
64,4,2023-10-10,9:15:00,21:34:00
65,5,2023-10-10,9:29:00,21:28:00
66,6,2023-10-10,9:33:00,21:58:00
67,1,2023-10-11,9:47:00,21:07:00
68,2,2023-10-11,9:10:00,21:51:00
69,3,2023-10-11,9:48:00,21:09:00
70,4,2023-10-11,9:13:00,21:13:00
71,5,2023-10-11,9:30:00,21:35:00
72,6,2023-10-11,9:35:00,21:12:00
73,1,2023-10-12,9:35:00,21:04:00
74,2,2023-10-12,9:35:00,21:31:00
75,3,2023-10-12,9:43:00,21:25:00
76,4,2023-10-12,9:32:00,21:00:00
77,5,2023-10-12,9:38:00,21:38:00
78,6,2023-10-12,9:06:00,21:38:00
79,1,2023-10-13,9:58:00,21:33:00
80,2,2023-10-13,9:15:00,21:32:00
81,3,2023-10-13,9:23:00,21:30:00
82,4,2023-10-13,9:34:00,21:03:00
83,5,2023-10-13,9:47:00,21:23:00
84,6,2023-10-13,9:19:00,21:05:00
85,1,2023-10-14,9:15:00,21:35:00
86,2,2023-10-14,9:53:00,21:26:00
87,3,2023-10-14,9:08:00,21:01:00
88,4,2023-10-14,9:59:00,21:40:00
89,5,2023-10-14,9:39:00,21:52:00
90,6,2023-10-14,9:10:00,21:09:00
91,1,2023-10-15,9:10:00,21:29:00
92,2,2023-10-15,9:11:00,21:58:00
93,3,2023-10-15,9:16:00,21:16:00
94,4,2023-10-15,9:44:00,21:17:00
95,5,2023-10-15,9:58:00,21:37:00
96,6,2023-10-15,9:49:00,21:41:00
97,1,2023-10-16,9:36:00,21:13:00
98,2,2023-10-16,9:49:00,21:23:00
99,3,2023-10-16,9:59:00,21:13:00
100,4,2023-10-16,9:03:00,21:51:00
101,5,2023-10-16,9:43:00,21:38:00
102,6,2023-10-16,9:46:00,21:30:00
103,1,2023-10-17,9:22:00,21:02:00
104,2,2023-10-17,9:21:00,21:17:00
105,3,2023-10-17,9:27:00,21:55:00
106,4,2023-10-17,9:01:00,21:14:00
107,5,2023-10-17,9:16:00,21:53:00
108,6,2023-10-17,9:17:00,21:49:00
109,1,2023-10-18,9:51:00,21:48:00
110,2,2023-10-18,9:28:00,21:02:00
111,3,2023-10-18,9:00:00,21:01:00
112,4,2023-10-18,9:02:00,21:56:00
113,5,2023-10-18,9:02:00,21:17:00
114,6,2023-10-18,9:40:00,21:21:00
115,1,2023-10-19,9:05:00,21:14:00
116,2,2023-10-19,9:45:00,21:50:00
117,3,2023-10-19,9:02:00,21:31:00
118,4,2023-10-19,9:32:00,21:19:00
119,5,2023-10-19,9:30:00,21:31:00
120,6,2023-10-19,9:10:00,21:36:00
121,1,2023-10-20,9:39:00,21:03:00
122,2,2023-10-20,9:36:00,21:07:00
123,3,2023-10-20,9:37:00,21:28:00
124,4,2023-10-20,9:50:00,21:38:00
125,5,2023-10-20,9:18:00,21:57:00
126,6,2023-10-20,9:31:00,21:23:00
127,1,2023-10-21,9:33:00,21:57:00
128,2,2023-10-21,9:14:00,21:22:00
129,3,2023-10-21,9:16:00,21:11:00
130,4,2023-10-21,9:24:00,21:37:00
131,5,2023-10-21,9:12:00,21:21:00
132,6,2023-10-21,9:30:00,21:22:00
133,1,2023-10-22,9:25:00,21:35:00
134,2,2023-10-22,9:19:00,21:59:00
135,3,2023-10-22,9:48:00,21:39:00
136,4,2023-10-22,9:42:00,21:42:00
137,5,2023-10-22,9:20:00,21:44:00
138,6,2023-10-22,9:18:00,21:57:00
139,1,2023-10-23,9:26:00,21:11:00
140,2,2023-10-23,9:07:00,21:24:00
141,3,2023-10-23,9:05:00,21:17:00
142,4,2023-10-23,9:38:00,21:28:00
143,5,2023-10-23,9:10:00,21:25:00
144,6,2023-10-23,9:39:00,21:57:00
145,1,2023-10-24,9:48:00,21:40:00
146,2,2023-10-24,9:48:00,21:12:00
147,3,2023-10-24,9:18:00,21:09:00
148,4,2023-10-24,9:06:00,21:42:00
149,5,2023-10-24,9:30:00,21:13:00
150,6,2023-10-24,9:10:00,21:40:00
151,1,2023-10-25,9:32:00,21:48:00
152,2,2023-10-25,9:30:00,21:28:00
153,3,2023-10-25,9:56:00,21:42:00
154,4,2023-10-25,9:47:00,21:58:00
155,5,2023-10-25,9:26:00,21:07:00
156,6,2023-10-25,9:12:00,21:47:00
157,1,2023-10-26,9:43:00,21:31:00
158,2,2023-10-26,9:11:00,21:19:00
159,3,2023-10-26,9:56:00,21:14:00
160,4,2023-10-26,9:43:00,21:26:00
161,5,2023-10-26,9:06:00,21:18:00
162,6,2023-10-26,9:38:00,21:41:00
163,1,2023-10-27,9:19:00,21:05:00
164,2,2023-10-27,9:39:00,21:33:00
165,3,2023-10-27,9:20:00,21:56:00
166,4,2023-10-27,9:58:00,21:54:00
167,5,2023-10-27,9:22:00,21:02:00
168,6,2023-10-27,9:02:00,21:59:00
169,1,2023-10-28,9:49:00,21:23:00
170,2,2023-10-28,9:33:00,21:41:00
171,3,2023-10-28,9:37:00,21:02:00
172,4,2023-10-28,9:06:00,21:23:00
173,5,2023-10-28,9:23:00,21:23:00
174,6,2023-10-28,9:40:00,21:23:00
175,1,2023-10-29,9:55:00,21:32:00
176,2,2023-10-29,9:22:00,21:02:00
177,3,2023-10-29,9:42:00,21:05:00
178,4,2023-10-29,9:14:00,21:30:00
179,5,2023-10-29,9:00:00,21:32:00
180,6,2023-10-29,9:43:00,21:41:00
181,1,2023-10-30,9:42:00,21:32:00
182,2,2023-10-30,9:37:00,21:34:00
183,3,2023-10-30,9:32:00,21:34:00
184,4,2023-10-30,9:08:00,21:26:00
185,5,2023-10-30,9:47:00,21:44:00
186,6,2023-10-30,9:20:00,21:47:00
187,1,2023-10-31,9:49:00,21:37:00
188,2,2023-10-31,9:53:00,21:26:00
189,3,2023-10-31,9:16:00,21:29:00
190,4,2023-10-31,9:12:00,21:33:00
191,5,2023-10-31,9:58:00,21:57:00
192,6,2023-10-31,9:11:00,21:40:00
193,1,2023-11-01,9:07:00,21:23:00
194,2,2023-11-01,9:18:00,21:59:00
195,3,2023-11-01,9:45:00,21:28:00
196,4,2023-11-01,9:16:00,21:59:00
197,5,2023-11-01,9:38:00,21:36:00
198,6,2023-11-01,9:00:00,21:42:00
199,1,2023-11-02,9:26:00,21:13:00
200,2,2023-11-02,9:03:00,21:20:00
201,3,2023-11-02,9:45:00,21:58:00
202,4,2023-11-02,9:51:00,21:11:00
203,5,2023-11-02,9:22:00,21:54:00
204,6,2023-11-02,9:30:00,21:36:00
205,1,2023-11-03,9:50:00,21:15:00
206,2,2023-11-03,9:34:00,21:18:00
207,3,2023-11-03,9:58:00,21:48:00
208,4,2023-11-03,9:55:00,21:57:00
209,5,2023-11-03,9:52:00,21:49:00
210,6,2023-11-03,9:30:00,21:39:00
211,1,2023-11-04,9:14:00,21:10:00
212,2,2023-11-04,9:30:00,21:44:00
213,3,2023-11-04,9:44:00,21:10:00
214,4,2023-11-04,9:12:00,21:59:00
215,5,2023-11-04,9:28:00,21:35:00
216,6,2023-11-04,9:22:00,21:42:00
217,1,2023-11-05,9:01:00,21:00:00
218,2,2023-11-05,9:41:00,21:11:00
219,3,2023-11-05,9:30:00,21:27:00
220,4,2023-11-05,9:33:00,21:23:00
221,5,2023-11-05,9:22:00,21:56:00
222,6,2023-11-05,9:14:00,21:34:00
223,1,2023-11-06,9:39:00,21:47:00
224,2,2023-11-06,9:29:00,21:42:00
225,3,2023-11-06,9:38:00,21:51:00
226,4,2023-11-06,9:05:00,21:41:00
227,5,2023-11-06,9:18:00,21:32:00
228,6,2023-11-06,9:01:00,21:29:00
229,1,2023-11-07,9:43:00,21:50:00
230,2,2023-11-07,9:52:00,21:04:00
231,3,2023-11-07,9:55:00,21:17:00
232,4,2023-11-07,9:53:00,21:46:00
233,5,2023-11-07,9:55:00,21:38:00
234,6,2023-11-07,9:39:00,21:31:00
235,1,2023-11-08,9:44:00,21:00:00
236,2,2023-11-08,9:10:00,21:10:00
237,3,2023-11-08,9:54:00,21:11:00
238,4,2023-11-08,9:32:00,21:51:00
239,5,2023-11-08,9:49:00,21:47:00
240,6,2023-11-08,9:24:00,21:11:00
241,1,2023-11-09,9:31:00,21:27:00
242,2,2023-11-09,9:40:00,21:14:00
243,3,2023-11-09,9:17:00,21:33:00
244,4,2023-11-09,9:39:00,21:34:00
245,5,2023-11-09,9:30:00,21:07:00
246,6,2023-11-09,9:41:00,21:05:00
247,1,2023-11-10,9:00:00,21:05:00
248,2,2023-11-10,9:12:00,21:25:00
249,3,2023-11-10,9:42:00,21:55:00
250,4,2023-11-10,9:28:00,21:59:00
251,5,2023-11-10,9:56:00,21:08:00
252,6,2023-11-10,9:17:00,21:18:00
253,1,2023-11-11,9:54:00,21:13:00
254,2,2023-11-11,9:11:00,21:01:00
255,3,2023-11-11,9:06:00,21:05:00
256,4,2023-11-11,9:04:00,21:47:00
257,5,2023-11-11,9:22:00,21:18:00
258,6,2023-11-11,9:49:00,21:16:00
259,1,2023-11-12,9:36:00,21:40:00
260,2,2023-11-12,9:21:00,21:12:00
261,3,2023-11-12,9:03:00,21:51:00
262,4,2023-11-12,9:30:00,21:30:00
263,5,2023-11-12,9:43:00,21:27:00
264,6,2023-11-12,9:56:00,21:22:00
265,1,2023-11-13,9:50:00,21:39:00
266,2,2023-11-13,9:16:00,21:17:00
267,3,2023-11-13,9:46:00,21:09:00
268,4,2023-11-13,9:01:00,21:48:00
269,5,2023-11-13,9:37:00,21:34:00
270,6,2023-11-13,9:30:00,21:48:00
271,1,2023-11-14,9:11:00,21:20:00
272,2,2023-11-14,9:01:00,21:58:00
273,3,2023-11-14,9:19:00,21:59:00
274,4,2023-11-14,9:40:00,21:10:00
275,5,2023-11-14,9:06:00,21:48:00
276,6,2023-11-14,9:52:00,21:22:00
277,1,2023-11-15,9:56:00,21:25:00
278,2,2023-11-15,9:00:00,21:47:00
279,3,2023-11-15,9:15:00,21:29:00
280,4,2023-11-15,9:31:00,21:11:00
281,5,2023-11-15,9:22:00,21:33:00
282,6,2023-11-15,9:59:00,21:55:00
283,1,2023-11-16,9:37:00,21:05:00
284,2,2023-11-16,9:26:00,21:33:00
285,3,2023-11-16,9:19:00,21:55:00
286,4,2023-11-16,9:18:00,21:06:00
287,5,2023-11-16,9:32:00,21:25:00
288,6,2023-11-16,9:49:00,21:49:00
289,1,2023-11-17,9:04:00,21:42:00
290,2,2023-11-17,9:31:00,21:29:00
291,3,2023-11-17,9:57:00,21:32:00
292,4,2023-11-17,9:25:00,21:37:00
293,5,2023-11-17,9:13:00,21:40:00
294,6,2023-11-17,9:58:00,21:49:00
295,1,2023-11-18,9:27:00,21:32:00
296,2,2023-11-18,9:19:00,21:14:00
297,3,2023-11-18,9:56:00,21:58:00
298,4,2023-11-18,9:33:00,21:32:00
299,5,2023-11-18,9:43:00,21:04:00
300,6,2023-11-18,9:30:00,21:33:00
301,1,2023-11-19,9:26:00,21:59:00
302,2,2023-11-19,9:33:00,21:17:00
303,3,2023-11-19,9:35:00,21:46:00
304,4,2023-11-19,9:17:00,21:10:00
305,5,2023-11-19,9:54:00,21:09:00
306,6,2023-11-19,9:20:00,21:30:00
307,1,2023-11-20,9:25:00,21:52:00
308,2,2023-11-20,9:52:00,21:13:00
309,3,2023-11-20,9:49:00,21:40:00
310,4,2023-11-20,9:43:00,21:21:00
311,5,2023-11-20,9:30:00,21:01:00
312,6,2023-11-20,9:37:00,21:22:00
313,1,2023-11-21,9:13:00,21:30:00
314,2,2023-11-21,9:15:00,21:18:00
315,3,2023-11-21,9:39:00,21:08:00
316,4,2023-11-21,9:04:00,21:08:00
317,5,2023-11-21,9:23:00,21:45:00
318,6,2023-11-21,9:44:00,21:43:00
319,1,2023-11-22,9:30:00,21:42:00
320,2,2023-11-22,9:56:00,21:49:00
321,3,2023-11-22,9:33:00,21:29:00
322,4,2023-11-22,9:57:00,21:29:00
323,5,2023-11-22,9:51:00,21:19:00
324,6,2023-11-22,9:03:00,21:24:00
325,1,2023-11-23,9:12:00,21:00:00
326,2,2023-11-23,9:14:00,21:37:00
327,3,2023-11-23,9:44:00,21:18:00
328,4,2023-11-23,9:46:00,21:55:00
329,5,2023-11-23,9:28:00,21:45:00
330,6,2023-11-23,9:47:00,21:46:00
331,1,2023-11-24,9:25:00,21:12:00
332,2,2023-11-24,9:17:00,21:36:00
333,3,2023-11-24,9:27:00,21:36:00
334,4,2023-11-24,9:52:00,21:59:00
335,5,2023-11-24,9:04:00,21:05:00
336,6,2023-11-24,9:43:00,21:57:00
337,1,2023-11-25,9:00:00,21:52:00
338,2,2023-11-25,9:51:00,21:48:00
339,3,2023-11-25,9:41:00,21:55:00
340,4,2023-11-25,9:30:00,21:40:00
341,5,2023-11-25,9:38:00,21:28:00
342,6,2023-11-25,9:56:00,21:07:00
343,1,2023-11-26,9:11:00,21:47:00
344,2,2023-11-26,9:37:00,21:31:00
345,3,2023-11-26,9:24:00,21:49:00
346,4,2023-11-26,9:58:00,21:54:00
347,5,2023-11-26,9:59:00,21:46:00
348,6,2023-11-26,9:21:00,21:56:00
349,1,2023-11-27,9:21:00,21:58:00
350,2,2023-11-27,9:22:00,21:16:00
351,3,2023-11-27,9:33:00,21:59:00
352,4,2023-11-27,9:08:00,21:06:00
353,5,2023-11-27,9:09:00,21:39:00
354,6,2023-11-27,9:46:00,21:30:00
355,1,2023-11-28,9:15:00,21:58:00
356,2,2023-11-28,9:30:00,21:54:00
357,3,2023-11-28,9:23:00,21:54:00
358,4,2023-11-28,9:54:00,21:54:00
359,5,2023-11-28,9:58:00,21:41:00
360,6,2023-11-28,9:57:00,21:58:00
361,1,2023-11-29,9:17:00,21:04:00
362,2,2023-11-29,9:22:00,21:03:00
363,3,2023-11-29,9:44:00,21:07:00
364,4,2023-11-29,9:08:00,21:42:00
365,5,2023-11-29,9:43:00,21:24:00
366,6,2023-11-29,9:57:00,21:15:00
367,1,2023-11-30,9:34:00,21:00:00
368,2,2023-11-30,9:51:00,21:14:00
369,3,2023-11-30,9:44:00,21:17:00
370,4,2023-11-30,9:24:00,21:26:00
371,5,2023-11-30,9:53:00,21:45:00
372,6,2023-11-30,9:31:00,21:57:00
373,1,2023-12-01,9:41:00,21:47:00
374,2,2023-12-01,9:53:00,21:46:00
375,3,2023-12-01,9:55:00,21:22:00
376,4,2023-12-01,9:59:00,21:37:00
377,5,2023-12-01,9:21:00,21:19:00
378,6,2023-12-01,9:01:00,21:53:00
379,1,2023-12-02,9:02:00,21:45:00
380,2,2023-12-02,9:10:00,21:07:00
381,3,2023-12-02,9:53:00,21:42:00
382,4,2023-12-02,9:15:00,21:43:00
383,5,2023-12-02,9:59:00,21:26:00
384,6,2023-12-02,9:54:00,21:03:00
385,1,2023-12-03,9:58:00,21:43:00
386,2,2023-12-03,9:26:00,21:01:00
387,3,2023-12-03,9:12:00,21:16:00
388,4,2023-12-03,9:36:00,21:55:00
389,5,2023-12-03,9:14:00,21:48:00
390,6,2023-12-03,9:38:00,21:12:00
391,1,2023-12-04,9:58:00,21:31:00
392,2,2023-12-04,9:29:00,21:38:00
393,3,2023-12-04,9:05:00,21:33:00
394,4,2023-12-04,9:43:00,21:44:00
395,5,2023-12-04,9:10:00,21:12:00
396,6,2023-12-04,9:11:00,21:02:00
397,1,2023-12-05,9:04:00,21:26:00
398,2,2023-12-05,9:22:00,21:09:00
399,3,2023-12-05,9:20:00,21:06:00
400,4,2023-12-05,9:01:00,21:54:00
401,5,2023-12-05,9:49:00,21:32:00
402,6,2023-12-05,9:33:00,21:00:00
403,1,2023-12-06,9:59:00,21:24:00
404,2,2023-12-06,9:01:00,21:41:00
405,3,2023-12-06,9:42:00,21:07:00
406,4,2023-12-06,9:05:00,21:31:00
407,5,2023-12-06,9:21:00,21:50:00
408,6,2023-12-06,9:37:00,21:02:00
409,1,2023-12-07,9:33:00,21:05:00
410,2,2023-12-07,9:01:00,21:16:00
411,3,2023-12-07,9:48:00,21:42:00
412,4,2023-12-07,9:47:00,21:19:00
413,5,2023-12-07,9:10:00,21:56:00
414,6,2023-12-07,9:49:00,21:34:00
415,1,2023-12-08,9:07:00,21:25:00
416,2,2023-12-08,9:44:00,21:37:00
417,3,2023-12-08,9:40:00,21:56:00
418,4,2023-12-08,9:22:00,21:36:00
419,5,2023-12-08,9:25:00,21:00:00
420,6,2023-12-08,9:03:00,21:36:00
421,1,2023-12-09,9:12:00,21:09:00
422,2,2023-12-09,9:50:00,21:14:00
423,3,2023-12-09,9:39:00,21:18:00
424,4,2023-12-09,9:40:00,21:23:00
425,5,2023-12-09,9:45:00,21:41:00
426,6,2023-12-09,9:04:00,21:16:00
427,1,2023-12-10,9:06:00,21:55:00
428,2,2023-12-10,9:30:00,21:30:00
429,3,2023-12-10,9:32:00,21:20:00
430,4,2023-12-10,9:17:00,21:50:00
431,5,2023-12-10,9:16:00,21:09:00
432,6,2023-12-10,9:27:00,21:04:00
433,1,2023-12-11,9:35:00,21:13:00
434,2,2023-12-11,9:59:00,21:48:00
435,3,2023-12-11,9:53:00,21:42:00
436,4,2023-12-11,9:58:00,21:31:00
437,5,2023-12-11,9:22:00,21:54:00
438,6,2023-12-11,9:06:00,21:13:00
439,1,2023-12-12,9:26:00,21:50:00
440,2,2023-12-12,9:17:00,21:49:00
441,3,2023-12-12,9:24:00,21:03:00
442,4,2023-12-12,9:10:00,21:19:00
443,5,2023-12-12,9:30:00,21:30:00
444,6,2023-12-12,9:31:00,21:11:00
445,1,2023-12-13,9:16:00,21:23:00
446,2,2023-12-13,9:16:00,21:55:00
447,3,2023-12-13,9:27:00,21:22:00
448,4,2023-12-13,9:00:00,21:34:00
449,5,2023-12-13,9:58:00,21:11:00
450,6,2023-12-13,9:52:00,21:19:00
451,1,2023-12-14,9:35:00,21:39:00
452,2,2023-12-14,9:51:00,21:44:00
453,3,2023-12-14,9:13:00,21:40:00
454,4,2023-12-14,9:05:00,21:28:00
455,5,2023-12-14,9:41:00,21:24:00
456,6,2023-12-14,9:07:00,21:04:00
457,1,2023-12-15,9:23:00,21:40:00
458,2,2023-12-15,9:20:00,21:36:00
459,3,2023-12-15,9:18:00,21:59:00
460,4,2023-12-15,9:49:00,21:57:00
461,5,2023-12-15,9:50:00,21:57:00
462,6,2023-12-15,9:02:00,21:53:00
463,1,2023-12-16,9:07:00,21:08:00
464,2,2023-12-16,9:04:00,21:30:00
465,3,2023-12-16,9:59:00,21:01:00
466,4,2023-12-16,9:22:00,21:25:00
467,5,2023-12-16,9:17:00,21:01:00
468,6,2023-12-16,9:57:00,21:59:00
469,1,2023-12-17,9:39:00,21:38:00
470,2,2023-12-17,9:47:00,21:17:00
471,3,2023-12-17,9:56:00,21:10:00
472,4,2023-12-17,9:08:00,21:08:00
473,5,2023-12-17,9:56:00,21:06:00
474,6,2023-12-17,9:07:00,21:11:00
475,1,2023-12-18,9:03:00,21:36:00
476,2,2023-12-18,9:31:00,21:02:00
477,3,2023-12-18,9:35:00,21:18:00
478,4,2023-12-18,9:53:00,21:07:00
479,5,2023-12-18,9:46:00,21:14:00
480,6,2023-12-18,9:26:00,21:33:00
481,1,2023-12-19,9:14:00,21:32:00
482,2,2023-12-19,9:01:00,21:28:00
483,3,2023-12-19,9:47:00,21:43:00
484,4,2023-12-19,9:57:00,21:45:00
485,5,2023-12-19,9:03:00,21:21:00
486,6,2023-12-19,9:17:00,21:05:00
487,1,2023-12-20,9:29:00,21:55:00
488,2,2023-12-20,9:24:00,21:45:00
489,3,2023-12-20,9:46:00,21:58:00
490,4,2023-12-20,9:45:00,21:46:00
491,5,2023-12-20,9:34:00,21:11:00
492,6,2023-12-20,9:00:00,21:38:00
493,1,2023-12-21,9:11:00,21:04:00
494,2,2023-12-21,9:47:00,21:22:00
495,3,2023-12-21,9:43:00,21:17:00
496,4,2023-12-21,9:28:00,21:08:00
497,5,2023-12-21,9:32:00,21:00:00
498,6,2023-12-21,9:37:00,21:46:00
499,1,2023-12-22,9:39:00,21:50:00
500,2,2023-12-22,9:57:00,21:06:00
501,3,2023-12-22,9:19:00,21:30:00
502,4,2023-12-22,9:18:00,21:44:00
503,5,2023-12-22,9:34:00,21:41:00
504,6,2023-12-22,9:22:00,21:07:00
505,1,2023-12-23,9:34:00,21:21:00
506,2,2023-12-23,9:23:00,21:35:00
507,3,2023-12-23,9:55:00,21:08:00
508,4,2023-12-23,9:52:00,21:13:00
509,5,2023-12-23,9:11:00,21:09:00
510,6,2023-12-23,9:01:00,21:41:00
511,1,2023-12-24,9:10:00,21:12:00
512,2,2023-12-24,9:55:00,21:43:00
513,3,2023-12-24,9:36:00,21:54:00
514,4,2023-12-24,9:09:00,21:17:00
515,5,2023-12-24,9:16:00,21:42:00
516,6,2023-12-24,9:34:00,21:51:00
517,1,2023-12-25,9:30:00,21:27:00
518,2,2023-12-25,9:20:00,21:27:00
519,3,2023-12-25,9:58:00,21:32:00
520,4,2023-12-25,9:27:00,21:17:00
521,5,2023-12-25,9:42:00,21:06:00
522,6,2023-12-25,9:02:00,21:10:00
523,1,2023-12-26,9:09:00,21:16:00
524,2,2023-12-26,9:15:00,21:16:00
525,3,2023-12-26,9:20:00,21:26:00
526,4,2023-12-26,9:15:00,21:48:00
527,5,2023-12-26,9:17:00,21:14:00
528,6,2023-12-26,9:40:00,21:33:00
529,1,2023-12-27,9:30:00,21:53:00
530,2,2023-12-27,9:04:00,21:58:00
531,3,2023-12-27,9:27:00,21:17:00
532,4,2023-12-27,9:01:00,21:37:00
533,5,2023-12-27,9:15:00,21:23:00
534,6,2023-12-27,9:39:00,21:24:00
535,1,2023-12-28,9:32:00,21:00:00
536,2,2023-12-28,9:37:00,21:03:00
537,3,2023-12-28,9:02:00,21:38:00
538,4,2023-12-28,9:02:00,21:56:00
539,5,2023-12-28,9:21:00,21:18:00
540,6,2023-12-28,9:52:00,21:37:00
541,1,2023-12-29,9:23:00,21:58:00
542,2,2023-12-29,9:35:00,21:22:00
543,3,2023-12-29,9:35:00,21:34:00
544,4,2023-12-29,9:47:00,21:39:00
545,5,2023-12-29,9:16:00,21:46:00
546,6,2023-12-29,9:30:00,21:57:00
547,1,2023-12-30,9:21:00,21:15:00
548,2,2023-12-30,9:21:00,21:36:00
549,3,2023-12-30,9:57:00,21:10:00
550,4,2023-12-30,9:28:00,21:41:00
551,5,2023-12-30,9:43:00,21:58:00
552,6,2023-12-30,9:22:00,21:48:00
553,1,2023-12-31,9:09:00,21:34:00
554,2,2023-12-31,9:28:00,21:52:00
555,3,2023-12-31,9:50:00,21:30:00
556,4,2023-12-31,9:56:00,21:23:00
557,5,2023-12-31,9:03:00,21:31:00
558,6,2023-12-31,9:42:00,21:57:00
559,1,2024-01-01,9:21:00,21:51:00
560,2,2024-01-01,9:30:00,21:43:00
561,3,2024-01-01,9:08:00,21:02:00
562,4,2024-01-01,9:22:00,21:31:00
563,5,2024-01-01,9:51:00,21:33:00
564,6,2024-01-01,9:01:00,21:30:00
565,1,2024-01-02,9:33:00,21:40:00
566,2,2024-01-02,9:25:00,21:06:00
567,3,2024-01-02,9:19:00,21:42:00
568,4,2024-01-02,9:28:00,21:00:00
569,5,2024-01-02,9:24:00,21:07:00
570,6,2024-01-02,9:44:00,21:25:00
571,1,2024-01-03,9:45:00,21:11:00
572,2,2024-01-03,9:13:00,21:17:00
573,3,2024-01-03,9:33:00,21:10:00
574,4,2024-01-03,9:41:00,21:30:00
575,5,2024-01-03,9:09:00,21:20:00
576,6,2024-01-03,9:16:00,21:30:00
577,1,2024-01-04,9:24:00,21:52:00
578,2,2024-01-04,9:55:00,21:24:00
579,3,2024-01-04,9:22:00,21:51:00
580,4,2024-01-04,9:53:00,21:33:00
581,5,2024-01-04,9:39:00,21:00:00
582,6,2024-01-04,9:37:00,21:41:00
583,1,2024-01-05,9:07:00,21:09:00
584,2,2024-01-05,9:33:00,21:39:00
585,3,2024-01-05,9:14:00,21:14:00
586,4,2024-01-05,9:58:00,21:57:00
587,5,2024-01-05,9:57:00,21:25:00
588,6,2024-01-05,9:08:00,21:42:00
589,1,2024-01-06,9:51:00,21:23:00
590,2,2024-01-06,9:15:00,21:56:00
591,3,2024-01-06,9:38:00,21:33:00
592,4,2024-01-06,9:57:00,21:30:00
593,5,2024-01-06,9:22:00,21:14:00
594,6,2024-01-06,9:19:00,21:24:00
595,1,2024-01-07,9:34:00,21:06:00
596,2,2024-01-07,9:49:00,21:30:00
597,3,2024-01-07,9:00:00,21:01:00
598,4,2024-01-07,9:04:00,21:21:00
599,5,2024-01-07,9:10:00,21:03:00
600,6,2024-01-07,9:09:00,21:35:00
601,1,2024-01-08,9:02:00,21:43:00
602,2,2024-01-08,9:31:00,21:13:00
603,3,2024-01-08,9:19:00,21:30:00
604,4,2024-01-08,9:26:00,21:11:00
605,5,2024-01-08,9:16:00,21:47:00
606,6,2024-01-08,9:57:00,21:41:00
607,1,2024-01-09,9:08:00,21:27:00
608,2,2024-01-09,9:57:00,21:31:00
609,3,2024-01-09,9:19:00,21:25:00
610,4,2024-01-09,9:54:00,21:10:00
611,5,2024-01-09,9:41:00,21:29:00
612,6,2024-01-09,9:05:00,21:18:00
613,1,2024-01-10,9:29:00,21:22:00
614,2,2024-01-10,9:36:00,21:33:00
615,3,2024-01-10,9:14:00,21:28:00
616,4,2024-01-10,9:25:00,21:33:00
617,5,2024-01-10,9:57:00,21:04:00
618,6,2024-01-10,9:16:00,21:48:00
619,1,2024-01-11,9:33:00,21:44:00
620,2,2024-01-11,9:19:00,21:45:00
621,3,2024-01-11,9:25:00,21:29:00
622,4,2024-01-11,9:52:00,21:18:00
623,5,2024-01-11,9:17:00,21:21:00
624,6,2024-01-11,9:12:00,21:59:00
625,1,2024-01-12,9:38:00,21:48:00
626,2,2024-01-12,9:32:00,21:24:00
627,3,2024-01-12,9:52:00,21:15:00
628,4,2024-01-12,9:17:00,21:12:00
629,5,2024-01-12,9:36:00,21:21:00
630,6,2024-01-12,9:17:00,21:03:00
631,1,2024-01-13,9:30:00,21:24:00
632,2,2024-01-13,9:29:00,21:17:00
633,3,2024-01-13,9:02:00,21:22:00
634,4,2024-01-13,9:11:00,21:31:00
635,5,2024-01-13,9:22:00,21:59:00
636,6,2024-01-13,9:17:00,21:00:00
637,1,2024-01-14,9:14:00,21:02:00
638,2,2024-01-14,9:10:00,21:24:00
639,3,2024-01-14,9:45:00,21:42:00
640,4,2024-01-14,9:58:00,21:06:00
641,5,2024-01-14,9:46:00,21:15:00
642,6,2024-01-14,9:45:00,21:01:00
643,1,2024-01-15,9:15:00,21:08:00
644,2,2024-01-15,9:56:00,21:25:00
645,3,2024-01-15,9:05:00,21:57:00
646,4,2024-01-15,9:22:00,21:17:00
647,5,2024-01-15,9:48:00,21:57:00
648,6,2024-01-15,9:38:00,21:31:00
649,1,2024-01-16,9:39:00,21:23:00
650,2,2024-01-16,9:33:00,21:16:00
651,3,2024-01-16,9:06:00,21:20:00
652,4,2024-01-16,9:55:00,21:59:00
653,5,2024-01-16,9:20:00,21:02:00
654,6,2024-01-16,9:08:00,21:03:00
655,1,2024-01-17,9:23:00,21:53:00
656,2,2024-01-17,9:56:00,21:37:00
657,3,2024-01-17,9:41:00,21:21:00
658,4,2024-01-17,9:59:00,21:34:00
659,5,2024-01-17,9:27:00,21:16:00
660,6,2024-01-17,9:50:00,21:01:00
661,1,2024-01-18,9:06:00,21:44:00
662,2,2024-01-18,9:19:00,21:38:00
663,3,2024-01-18,9:04:00,21:51:00
664,4,2024-01-18,9:21:00,21:06:00
665,5,2024-01-18,9:13:00,21:28:00
666,6,2024-01-18,9:19:00,21:48:00
667,1,2024-01-19,9:55:00,21:23:00
668,2,2024-01-19,9:11:00,21:42:00
669,3,2024-01-19,9:01:00,21:12:00
670,4,2024-01-19,9:39:00,21:03:00
671,5,2024-01-19,9:59:00,21:42:00
672,6,2024-01-19,9:41:00,21:18:00
673,1,2024-01-20,9:32:00,21:23:00
674,2,2024-01-20,9:15:00,21:58:00
675,3,2024-01-20,9:07:00,21:59:00
676,4,2024-01-20,9:31:00,21:34:00
677,5,2024-01-20,9:37:00,21:40:00
678,6,2024-01-20,9:59:00,21:50:00
679,1,2024-01-21,9:30:00,21:47:00
680,2,2024-01-21,9:06:00,21:46:00
681,3,2024-01-21,9:11:00,21:46:00
682,4,2024-01-21,9:28:00,21:34:00
683,5,2024-01-21,9:17:00,21:44:00
684,6,2024-01-21,9:26:00,21:38:00
685,1,2024-01-22,9:55:00,21:31:00
686,2,2024-01-22,9:56:00,21:57:00
687,3,2024-01-22,9:14:00,21:57:00
688,4,2024-01-22,9:34:00,21:05:00
689,5,2024-01-22,9:01:00,21:21:00
690,6,2024-01-22,9:18:00,21:38:00
691,1,2024-01-23,9:17:00,21:12:00
692,2,2024-01-23,9:15:00,21:31:00
693,3,2024-01-23,9:26:00,21:31:00
694,4,2024-01-23,9:57:00,21:28:00
695,5,2024-01-23,9:45:00,21:15:00
696,6,2024-01-23,9:41:00,21:16:00
697,1,2024-01-24,9:30:00,21:56:00
698,2,2024-01-24,9:15:00,21:19:00
699,3,2024-01-24,9:30:00,21:57:00
700,4,2024-01-24,9:56:00,21:46:00
701,5,2024-01-24,9:13:00,21:00:00
702,6,2024-01-24,9:13:00,21:47:00
703,1,2024-01-25,9:58:00,21:30:00
704,2,2024-01-25,9:09:00,21:40:00
705,3,2024-01-25,9:23:00,21:30:00
706,4,2024-01-25,9:56:00,21:22:00
707,5,2024-01-25,9:38:00,21:12:00
708,6,2024-01-25,9:09:00,21:51:00
709,1,2024-01-26,9:02:00,21:33:00
710,2,2024-01-26,9:58:00,21:41:00
711,3,2024-01-26,9:29:00,21:47:00
712,4,2024-01-26,9:33:00,21:22:00
713,5,2024-01-26,9:59:00,21:00:00
714,6,2024-01-26,9:48:00,21:11:00
715,1,2024-01-27,9:42:00,21:09:00
716,2,2024-01-27,9:41:00,21:02:00
717,3,2024-01-27,9:47:00,21:30:00
718,4,2024-01-27,9:24:00,21:02:00
719,5,2024-01-27,9:38:00,21:26:00
720,6,2024-01-27,9:39:00,21:02:00
721,1,2024-01-28,9:35:00,21:23:00
722,2,2024-01-28,9:15:00,21:30:00
723,3,2024-01-28,9:54:00,21:29:00
724,4,2024-01-28,9:18:00,21:18:00
725,5,2024-01-28,9:46:00,21:21:00
726,6,2024-01-28,9:35:00,21:36:00
727,1,2024-01-29,9:59:00,21:02:00
728,2,2024-01-29,9:57:00,21:49:00
729,3,2024-01-29,9:04:00,21:14:00
730,4,2024-01-29,9:06:00,21:35:00
731,5,2024-01-29,9:50:00,21:11:00
732,6,2024-01-29,9:21:00,21:03:00
733,1,2024-01-30,9:37:00,21:11:00
734,2,2024-01-30,9:24:00,21:09:00
735,3,2024-01-30,9:52:00,21:42:00
736,4,2024-01-30,9:01:00,21:08:00
737,5,2024-01-30,9:33:00,21:07:00
738,6,2024-01-30,9:48:00,21:48:00
739,1,2024-01-31,9:51:00,21:03:00
740,2,2024-01-31,9:12:00,21:25:00
741,3,2024-01-31,9:36:00,21:41:00
742,4,2024-01-31,9:13:00,21:19:00
743,5,2024-01-31,9:48:00,21:30:00
744,6,2024-01-31,9:20:00,21:22:00
745,1,2024-02-01,9:53:00,21:05:00
746,2,2024-02-01,9:56:00,21:40:00
747,3,2024-02-01,9:41:00,21:49:00
748,4,2024-02-01,9:40:00,21:41:00
749,5,2024-02-01,9:01:00,21:58:00
750,6,2024-02-01,9:13:00,21:30:00
751,1,2024-02-02,9:08:00,21:57:00
752,2,2024-02-02,9:41:00,21:24:00
753,3,2024-02-02,9:07:00,21:21:00
754,4,2024-02-02,9:19:00,21:06:00
755,5,2024-02-02,9:47:00,21:48:00
756,6,2024-02-02,9:14:00,21:01:00
757,1,2024-02-03,9:08:00,21:13:00
758,2,2024-02-03,9:08:00,21:13:00
759,3,2024-02-03,9:09:00,21:37:00
760,4,2024-02-03,9:36:00,21:38:00
761,5,2024-02-03,9:55:00,21:49:00
762,6,2024-02-03,9:02:00,21:00:00
763,1,2024-02-04,9:58:00,21:24:00
764,2,2024-02-04,9:17:00,21:27:00
765,3,2024-02-04,9:43:00,21:56:00
766,4,2024-02-04,9:30:00,21:49:00
767,5,2024-02-04,9:01:00,21:36:00
768,6,2024-02-04,9:40:00,21:20:00
769,1,2024-02-05,9:07:00,21:40:00
770,2,2024-02-05,9:23:00,21:45:00
771,3,2024-02-05,9:46:00,21:20:00
772,4,2024-02-05,9:06:00,21:41:00
773,5,2024-02-05,9:58:00,21:45:00
774,6,2024-02-05,9:43:00,21:33:00
775,1,2024-02-06,9:00:00,21:27:00
776,2,2024-02-06,9:48:00,21:15:00
777,3,2024-02-06,9:10:00,21:44:00
778,4,2024-02-06,9:43:00,21:55:00
779,5,2024-02-06,9:08:00,21:44:00
780,6,2024-02-06,9:04:00,21:50:00
781,1,2024-02-07,9:31:00,21:14:00
782,2,2024-02-07,9:30:00,21:45:00
783,3,2024-02-07,9:10:00,21:40:00
784,4,2024-02-07,9:40:00,21:45:00
785,5,2024-02-07,9:41:00,21:01:00
786,6,2024-02-07,9:59:00,21:45:00
787,1,2024-02-08,9:17:00,21:39:00
788,2,2024-02-08,9:53:00,21:52:00
789,3,2024-02-08,9:33:00,21:37:00
790,4,2024-02-08,9:32:00,21:52:00
791,5,2024-02-08,9:34:00,21:20:00
792,6,2024-02-08,9:42:00,21:16:00
793,1,2024-02-09,9:04:00,21:17:00
794,2,2024-02-09,9:59:00,21:47:00
795,3,2024-02-09,9:33:00,21:12:00
796,4,2024-02-09,9:01:00,21:44:00
797,5,2024-02-09,9:09:00,21:39:00
798,6,2024-02-09,9:31:00,21:15:00
799,1,2024-02-10,9:17:00,21:20:00
800,2,2024-02-10,9:15:00,21:58:00
801,3,2024-02-10,9:20:00,21:46:00
802,4,2024-02-10,9:38:00,21:12:00
803,5,2024-02-10,9:28:00,21:29:00
804,6,2024-02-10,9:38:00,21:09:00
805,1,2024-02-11,9:12:00,21:17:00
806,2,2024-02-11,9:12:00,21:14:00
807,3,2024-02-11,9:33:00,21:06:00
808,4,2024-02-11,9:04:00,21:47:00
809,5,2024-02-11,9:26:00,21:37:00
810,6,2024-02-11,9:07:00,21:09:00
811,1,2024-02-12,9:43:00,21:06:00
812,2,2024-02-12,9:04:00,21:58:00
813,3,2024-02-12,9:11:00,21:58:00
814,4,2024-02-12,9:19:00,21:20:00
815,5,2024-02-12,9:33:00,21:05:00
816,6,2024-02-12,9:30:00,21:57:00
817,1,2024-02-13,9:06:00,21:00:00
818,2,2024-02-13,9:11:00,21:03:00
819,3,2024-02-13,9:13:00,21:38:00
820,4,2024-02-13,9:56:00,21:43:00
821,5,2024-02-13,9:43:00,21:07:00
822,6,2024-02-13,9:57:00,21:00:00
823,1,2024-02-14,9:18:00,21:50:00
824,2,2024-02-14,9:14:00,21:20:00
825,3,2024-02-14,9:02:00,21:59:00
826,4,2024-02-14,9:26:00,21:45:00
827,5,2024-02-14,9:59:00,21:38:00
828,6,2024-02-14,9:02:00,21:04:00
829,1,2024-02-15,9:26:00,21:47:00
830,2,2024-02-15,9:26:00,21:37:00
831,3,2024-02-15,9:51:00,21:58:00
832,4,2024-02-15,9:00:00,21:07:00
833,5,2024-02-15,9:59:00,21:13:00
834,6,2024-02-15,9:15:00,21:12:00
835,1,2024-02-16,9:28:00,21:51:00
836,2,2024-02-16,9:25:00,21:50:00
837,3,2024-02-16,9:39:00,21:16:00
838,4,2024-02-16,9:52:00,21:14:00
839,5,2024-02-16,9:28:00,21:25:00
840,6,2024-02-16,9:28:00,21:23:00
841,1,2024-02-17,9:53:00,21:25:00
842,2,2024-02-17,9:07:00,21:28:00
843,3,2024-02-17,9:11:00,21:01:00
844,4,2024-02-17,9:23:00,21:43:00
845,5,2024-02-17,9:37:00,21:36:00
846,6,2024-02-17,9:56:00,21:14:00
847,1,2024-02-18,9:35:00,21:39:00
848,2,2024-02-18,9:16:00,21:25:00
849,3,2024-02-18,9:40:00,21:42:00
850,4,2024-02-18,9:46:00,21:37:00
851,5,2024-02-18,9:36:00,21:27:00
852,6,2024-02-18,9:55:00,21:38:00
853,1,2024-02-19,9:52:00,21:59:00
854,2,2024-02-19,9:37:00,21:30:00
855,3,2024-02-19,9:57:00,21:06:00
856,4,2024-02-19,9:09:00,21:57:00
857,5,2024-02-19,9:11:00,21:25:00
858,6,2024-02-19,9:35:00,21:30:00
859,1,2024-02-20,9:11:00,21:50:00
860,2,2024-02-20,9:48:00,21:08:00
861,3,2024-02-20,9:53:00,21:34:00
862,4,2024-02-20,9:13:00,21:23:00
863,5,2024-02-20,9:07:00,21:08:00
864,6,2024-02-20,9:37:00,21:29:00
865,1,2024-02-21,9:06:00,21:49:00
866,2,2024-02-21,9:53:00,21:27:00
867,3,2024-02-21,9:06:00,21:11:00
868,4,2024-02-21,9:52:00,21:49:00
869,5,2024-02-21,9:29:00,21:05:00
870,6,2024-02-21,9:00:00,21:40:00
871,1,2024-02-22,9:30:00,21:46:00
872,2,2024-02-22,9:04:00,21:13:00
873,3,2024-02-22,9:10:00,21:25:00
874,4,2024-02-22,9:21:00,21:41:00
875,5,2024-02-22,9:00:00,21:42:00
876,6,2024-02-22,9:43:00,21:29:00
877,1,2024-02-23,9:42:00,21:16:00
878,2,2024-02-23,9:35:00,21:54:00
879,3,2024-02-23,9:45:00,21:39:00
880,4,2024-02-23,9:29:00,21:48:00
881,5,2024-02-23,9:41:00,21:38:00
882,6,2024-02-23,9:39:00,21:48:00
883,1,2024-02-24,9:43:00,21:21:00
884,2,2024-02-24,9:49:00,21:15:00
885,3,2024-02-24,9:27:00,21:01:00
886,4,2024-02-24,9:33:00,21:28:00
887,5,2024-02-24,9:03:00,21:52:00
888,6,2024-02-24,9:59:00,21:12:00
889,1,2024-02-25,9:14:00,21:50:00
890,2,2024-02-25,9:41:00,21:03:00
891,3,2024-02-25,9:22:00,21:08:00
892,4,2024-02-25,9:07:00,21:19:00
893,5,2024-02-25,9:09:00,21:34:00
894,6,2024-02-25,9:36:00,21:45:00
895,1,2024-02-26,9:51:00,21:47:00
896,2,2024-02-26,9:10:00,21:43:00
897,3,2024-02-26,9:30:00,21:26:00
898,4,2024-02-26,9:19:00,21:12:00
899,5,2024-02-26,9:21:00,21:09:00
900,6,2024-02-26,9:40:00,21:49:00
901,1,2024-02-27,9:08:00,21:52:00
902,2,2024-02-27,9:02:00,21:35:00
903,3,2024-02-27,9:46:00,21:42:00
904,4,2024-02-27,9:33:00,21:13:00
905,5,2024-02-27,9:05:00,21:50:00
906,6,2024-02-27,9:48:00,21:30:00
907,1,2024-02-28,9:25:00,21:30:00
908,2,2024-02-28,9:17:00,21:20:00
909,3,2024-02-28,9:11:00,21:38:00
910,4,2024-02-28,9:45:00,21:23:00
911,5,2024-02-28,9:38:00,21:17:00
912,6,2024-02-28,9:51:00,21:34:00
913,1,2024-02-29,9:07:00,21:51:00
914,2,2024-02-29,9:11:00,21:58:00
915,3,2024-02-29,9:32:00,21:45:00
916,4,2024-02-29,9:09:00,21:56:00
917,5,2024-02-29,9:34:00,21:43:00
918,6,2024-02-29,9:55:00,21:00:00
919,1,2024-03-01,9:04:00,21:22:00
920,2,2024-03-01,9:45:00,21:29:00
921,3,2024-03-01,9:44:00,21:37:00
922,4,2024-03-01,9:21:00,21:16:00
923,5,2024-03-01,9:15:00,21:36:00
924,6,2024-03-01,9:38:00,21:27:00
925,1,2024-03-02,9:19:00,21:09:00
926,2,2024-03-02,9:07:00,21:34:00
927,3,2024-03-02,9:23:00,21:02:00
928,4,2024-03-02,9:15:00,21:20:00
929,5,2024-03-02,9:55:00,21:35:00
930,6,2024-03-02,9:52:00,21:11:00
931,1,2024-03-03,9:32:00,21:06:00
932,2,2024-03-03,9:21:00,21:55:00
933,3,2024-03-03,9:20:00,21:48:00
934,4,2024-03-03,9:39:00,21:27:00
935,5,2024-03-03,9:32:00,21:48:00
936,6,2024-03-03,9:00:00,21:36:00
937,1,2024-03-04,9:36:00,21:33:00
938,2,2024-03-04,9:33:00,21:55:00
939,3,2024-03-04,9:08:00,21:15:00
940,4,2024-03-04,9:24:00,21:02:00
941,5,2024-03-04,9:06:00,21:09:00
942,6,2024-03-04,9:09:00,21:06:00
943,1,2024-03-05,9:27:00,21:00:00
944,2,2024-03-05,9:56:00,21:57:00
945,3,2024-03-05,9:57:00,21:16:00
946,4,2024-03-05,9:40:00,21:52:00
947,5,2024-03-05,9:29:00,21:17:00
948,6,2024-03-05,9:30:00,21:21:00
949,1,2024-03-06,9:19:00,21:37:00
950,2,2024-03-06,9:12:00,21:29:00
951,3,2024-03-06,9:45:00,21:37:00
952,4,2024-03-06,9:06:00,21:57:00
953,5,2024-03-06,9:37:00,21:49:00
954,6,2024-03-06,9:59:00,21:23:00
955,1,2024-03-07,9:08:00,21:48:00
956,2,2024-03-07,9:07:00,21:27:00
957,3,2024-03-07,9:23:00,21:59:00
958,4,2024-03-07,9:13:00,21:41:00
959,5,2024-03-07,9:49:00,21:36:00
960,6,2024-03-07,9:48:00,21:15:00
961,1,2024-03-08,9:11:00,21:52:00
962,2,2024-03-08,9:34:00,21:39:00
963,3,2024-03-08,9:18:00,21:49:00
964,4,2024-03-08,9:46:00,21:20:00
965,5,2024-03-08,9:39:00,21:34:00
966,6,2024-03-08,9:34:00,21:30:00
967,1,2024-03-09,9:47:00,21:16:00
968,2,2024-03-09,9:21:00,21:18:00
969,3,2024-03-09,9:14:00,21:48:00
970,4,2024-03-09,9:01:00,21:08:00
971,5,2024-03-09,9:01:00,21:17:00
972,6,2024-03-09,9:39:00,21:38:00
973,1,2024-03-10,9:49:00,21:19:00
974,2,2024-03-10,9:54:00,21:30:00
975,3,2024-03-10,9:25:00,21:29:00
976,4,2024-03-10,9:58:00,21:39:00
977,5,2024-03-10,9:46:00,21:37:00
978,6,2024-03-10,9:53:00,21:18:00
979,1,2024-03-11,9:30:00,21:22:00
980,2,2024-03-11,9:50:00,21:17:00
981,3,2024-03-11,9:23:00,21:05:00
982,4,2024-03-11,9:05:00,21:46:00
983,5,2024-03-11,9:55:00,21:46:00
984,6,2024-03-11,9:53:00,21:46:00
985,1,2024-03-12,9:00:00,21:25:00
986,2,2024-03-12,9:07:00,21:45:00
987,3,2024-03-12,9:56:00,21:28:00
988,4,2024-03-12,9:06:00,21:30:00
989,5,2024-03-12,9:57:00,21:24:00
990,6,2024-03-12,9:58:00,21:26:00
991,1,2024-03-13,9:38:00,21:02:00
992,2,2024-03-13,9:26:00,21:09:00
993,3,2024-03-13,9:31:00,21:19:00
994,4,2024-03-13,9:29:00,21:58:00
995,5,2024-03-13,9:10:00,21:21:00
996,6,2024-03-13,9:12:00,21:11:00
997,1,2024-03-14,9:19:00,21:26:00
998,2,2024-03-14,9:48:00,21:21:00
999,3,2024-03-14,9:35:00,21:23:00
1000,4,2024-03-14,9:55:00,21:30:00
1001,5,2024-03-14,9:35:00,21:05:00
1002,6,2024-03-14,9:27:00,21:21:00
1003,1,2024-03-15,9:36:00,21:44:00
1004,2,2024-03-15,9:15:00,21:01:00
1005,3,2024-03-15,9:59:00,21:45:00
1006,4,2024-03-15,9:43:00,21:00:00
1007,5,2024-03-15,9:23:00,21:48:00
1008,6,2024-03-15,9:16:00,21:31:00
1009,1,2024-03-16,9:11:00,21:26:00
1010,2,2024-03-16,9:47:00,21:59:00
1011,3,2024-03-16,9:27:00,21:52:00
1012,4,2024-03-16,9:50:00,21:00:00
1013,5,2024-03-16,9:01:00,21:04:00
1014,6,2024-03-16,9:43:00,21:26:00
1015,1,2024-03-17,9:55:00,21:58:00
1016,2,2024-03-17,9:56:00,21:00:00
1017,3,2024-03-17,9:31:00,21:24:00
1018,4,2024-03-17,9:57:00,21:30:00
1019,5,2024-03-17,9:21:00,21:27:00
1020,6,2024-03-17,9:57:00,21:36:00
1021,1,2024-03-18,9:27:00,21:12:00
1022,2,2024-03-18,9:46:00,21:23:00
1023,3,2024-03-18,9:18:00,21:16:00
1024,4,2024-03-18,9:02:00,21:35:00
1025,5,2024-03-18,9:13:00,21:34:00
1026,6,2024-03-18,9:42:00,21:02:00
1027,1,2024-03-19,9:57:00,21:56:00
1028,2,2024-03-19,9:53:00,21:50:00
1029,3,2024-03-19,9:32:00,21:25:00
1030,4,2024-03-19,9:15:00,21:55:00
1031,5,2024-03-19,9:34:00,21:52:00
1032,6,2024-03-19,9:54:00,21:53:00
1033,1,2024-03-20,9:01:00,21:26:00
1034,2,2024-03-20,9:11:00,21:04:00
1035,3,2024-03-20,9:36:00,21:20:00
1036,4,2024-03-20,9:16:00,21:30:00
1037,5,2024-03-20,9:55:00,21:01:00
1038,6,2024-03-20,9:23:00,21:56:00
1039,1,2024-03-21,9:30:00,21:38:00
1040,2,2024-03-21,9:14:00,21:28:00
1041,3,2024-03-21,9:24:00,21:12:00
1042,4,2024-03-21,9:01:00,21:31:00
1043,5,2024-03-21,9:53:00,21:05:00
1044,6,2024-03-21,9:41:00,21:13:00
1045,1,2024-03-22,9:52:00,21:12:00
1046,2,2024-03-22,9:30:00,21:26:00
1047,3,2024-03-22,9:27:00,21:56:00
1048,4,2024-03-22,9:07:00,21:43:00
1049,5,2024-03-22,9:31:00,21:54:00
1050,6,2024-03-22,9:08:00,21:58:00
1051,1,2024-03-23,9:43:00,21:29:00
1052,2,2024-03-23,9:23:00,21:15:00
1053,3,2024-03-23,9:07:00,21:02:00
1054,4,2024-03-23,9:20:00,21:46:00
1055,5,2024-03-23,9:15:00,21:37:00
1056,6,2024-03-23,9:37:00,21:56:00
1057,1,2024-03-24,9:25:00,21:18:00
1058,2,2024-03-24,9:53:00,21:35:00
1059,3,2024-03-24,9:01:00,21:04:00
1060,4,2024-03-24,9:21:00,21:08:00
1061,5,2024-03-24,9:43:00,21:43:00
1062,6,2024-03-24,9:56:00,21:52:00
1063,1,2024-03-25,9:27:00,21:48:00
1064,2,2024-03-25,9:42:00,21:11:00
1065,3,2024-03-25,9:58:00,21:19:00
1066,4,2024-03-25,9:09:00,21:36:00
1067,5,2024-03-25,9:40:00,21:45:00
1068,6,2024-03-25,9:15:00,21:23:00
1069,1,2024-03-26,9:16:00,21:08:00
1070,2,2024-03-26,9:53:00,21:34:00
1071,3,2024-03-26,9:49:00,21:58:00
1072,4,2024-03-26,9:04:00,21:47:00
1073,5,2024-03-26,9:05:00,21:32:00
1074,6,2024-03-26,9:01:00,21:21:00
1075,1,2024-03-27,9:40:00,21:21:00
1076,2,2024-03-27,9:49:00,21:00:00
1077,3,2024-03-27,9:14:00,21:56:00
1078,4,2024-03-27,9:03:00,21:17:00
1079,5,2024-03-27,9:17:00,21:39:00
1080,6,2024-03-27,9:12:00,21:30:00
1081,1,2024-03-28,9:42:00,21:50:00
1082,2,2024-03-28,9:03:00,21:45:00
1083,3,2024-03-28,9:51:00,21:37:00
1084,4,2024-03-28,9:12:00,21:01:00
1085,5,2024-03-28,9:30:00,21:00:00
1086,6,2024-03-28,9:07:00,21:33:00
1087,1,2024-03-29,9:25:00,21:39:00
1088,2,2024-03-29,9:03:00,21:59:00
1089,3,2024-03-29,9:49:00,21:56:00
1090,4,2024-03-29,9:39:00,21:49:00
1091,5,2024-03-29,9:00:00,21:25:00
1092,6,2024-03-29,9:23:00,21:16:00
1093,1,2024-03-30,9:34:00,21:21:00
1094,2,2024-03-30,9:01:00,21:45:00
1095,3,2024-03-30,9:01:00,21:32:00
1096,4,2024-03-30,9:04:00,21:40:00
1097,5,2024-03-30,9:21:00,21:41:00
1098,6,2024-03-30,9:40:00,21:20:00
1099,1,2024-03-31,9:01:00,21:31:00
1100,2,2024-03-31,9:22:00,21:29:00
1101,3,2024-03-31,9:34:00,21:45:00
1102,4,2024-03-31,9:14:00,21:40:00
1103,5,2024-03-31,9:07:00,21:36:00
1104,6,2024-03-31,9:53:00,21:30:00
1105,1,2024-04-01,9:43:00,21:04:00
1106,2,2024-04-01,9:26:00,21:44:00
1107,3,2024-04-01,9:05:00,21:16:00
1108,4,2024-04-01,9:37:00,21:31:00
1109,5,2024-04-01,9:57:00,21:13:00
1110,6,2024-04-01,9:30:00,21:30:00
1111,1,2024-04-02,9:55:00,21:54:00
1112,2,2024-04-02,9:39:00,21:06:00
1113,3,2024-04-02,9:40:00,21:54:00
1114,4,2024-04-02,9:10:00,21:19:00
1115,5,2024-04-02,9:06:00,21:02:00
1116,6,2024-04-02,9:24:00,21:01:00
1117,1,2024-04-03,9:32:00,21:44:00
1118,2,2024-04-03,9:27:00,21:56:00
1119,3,2024-04-03,9:15:00,21:26:00
1120,4,2024-04-03,9:58:00,21:03:00
1121,5,2024-04-03,9:32:00,21:26:00
1122,6,2024-04-03,9:26:00,21:47:00
1123,1,2024-04-04,9:22:00,21:25:00
1124,2,2024-04-04,9:24:00,21:06:00
1125,3,2024-04-04,9:33:00,21:52:00
1126,4,2024-04-04,9:30:00,21:57:00
1127,5,2024-04-04,9:18:00,21:26:00
1128,6,2024-04-04,9:30:00,21:30:00
1129,1,2024-04-05,9:55:00,21:30:00
1130,2,2024-04-05,9:09:00,21:12:00
1131,3,2024-04-05,9:09:00,21:53:00
1132,4,2024-04-05,9:53:00,21:59:00
1133,5,2024-04-05,9:28:00,21:34:00
1134,6,2024-04-05,9:52:00,21:04:00
1135,1,2024-04-06,9:31:00,21:41:00
1136,2,2024-04-06,9:48:00,21:32:00
1137,3,2024-04-06,9:59:00,21:06:00
1138,4,2024-04-06,9:56:00,21:37:00
1139,5,2024-04-06,9:22:00,21:05:00
1140,6,2024-04-06,9:37:00,21:51:00
1141,1,2024-04-07,9:51:00,21:35:00
1142,2,2024-04-07,9:14:00,21:40:00
1143,3,2024-04-07,9:44:00,21:53:00
1144,4,2024-04-07,9:27:00,21:35:00
1145,5,2024-04-07,9:25:00,21:49:00
1146,6,2024-04-07,9:00:00,21:57:00
1147,1,2024-04-08,9:55:00,21:30:00
1148,2,2024-04-08,9:47:00,21:54:00
1149,3,2024-04-08,9:49:00,21:41:00
1150,4,2024-04-08,9:10:00,21:07:00
1151,5,2024-04-08,9:25:00,21:57:00
1152,6,2024-04-08,9:29:00,21:26:00
1153,1,2024-04-09,9:30:00,21:35:00
1154,2,2024-04-09,9:56:00,21:30:00
1155,3,2024-04-09,9:04:00,21:53:00
1156,4,2024-04-09,9:16:00,21:11:00
1157,5,2024-04-09,9:36:00,21:57:00
1158,6,2024-04-09,9:54:00,21:20:00
1159,1,2024-04-10,9:06:00,21:52:00
1160,2,2024-04-10,9:25:00,21:45:00
1161,3,2024-04-10,9:30:00,21:00:00
1162,4,2024-04-10,9:19:00,21:26:00
1163,5,2024-04-10,9:38:00,21:05:00
1164,6,2024-04-10,9:58:00,21:21:00
1165,1,2024-04-11,9:31:00,21:42:00
1166,2,2024-04-11,9:46:00,21:26:00
1167,3,2024-04-11,9:22:00,21:32:00
1168,4,2024-04-11,9:30:00,21:21:00
1169,5,2024-04-11,9:14:00,21:47:00
1170,6,2024-04-11,9:46:00,21:15:00
1171,1,2024-04-12,9:57:00,21:21:00
1172,2,2024-04-12,9:29:00,21:54:00
1173,3,2024-04-12,9:47:00,21:49:00
1174,4,2024-04-12,9:13:00,21:38:00
1175,5,2024-04-12,9:48:00,21:12:00
1176,6,2024-04-12,9:04:00,21:03:00
1177,1,2024-04-13,9:57:00,21:48:00
1178,2,2024-04-13,9:57:00,21:56:00
1179,3,2024-04-13,9:25:00,21:56:00
1180,4,2024-04-13,9:48:00,21:58:00
1181,5,2024-04-13,9:38:00,21:59:00
1182,6,2024-04-13,9:07:00,21:25:00
1183,1,2024-04-14,9:52:00,21:53:00
1184,2,2024-04-14,9:50:00,21:16:00
1185,3,2024-04-14,9:30:00,21:06:00
1186,4,2024-04-14,9:35:00,21:57:00
1187,5,2024-04-14,9:38:00,21:17:00
1188,6,2024-04-14,9:41:00,21:21:00
1189,1,2024-04-15,9:57:00,21:57:00
1190,2,2024-04-15,9:50:00,21:15:00
1191,3,2024-04-15,9:22:00,21:21:00
1192,4,2024-04-15,9:40:00,21:39:00
1193,5,2024-04-15,9:42:00,21:30:00
1194,6,2024-04-15,9:45:00,21:27:00
1195,1,2024-04-16,9:10:00,21:14:00
1196,2,2024-04-16,9:49:00,21:21:00
1197,3,2024-04-16,9:08:00,21:45:00
1198,4,2024-04-16,9:47:00,21:29:00
1199,5,2024-04-16,9:11:00,21:07:00
1200,6,2024-04-16,9:41:00,21:20:00
1201,1,2024-04-17,9:26:00,21:17:00
1202,2,2024-04-17,9:53:00,21:42:00
1203,3,2024-04-17,9:04:00,21:08:00
1204,4,2024-04-17,9:42:00,21:30:00
1205,5,2024-04-17,9:27:00,21:01:00
1206,6,2024-04-17,9:10:00,21:14:00
1207,1,2024-04-18,9:48:00,21:06:00
1208,2,2024-04-18,9:29:00,21:11:00
1209,3,2024-04-18,9:31:00,21:36:00
1210,4,2024-04-18,9:09:00,21:55:00
1211,5,2024-04-18,9:38:00,21:02:00
1212,6,2024-04-18,9:07:00,21:35:00
1213,1,2024-04-19,9:53:00,21:16:00
1214,2,2024-04-19,9:40:00,21:00:00
1215,3,2024-04-19,9:02:00,21:20:00
1216,4,2024-04-19,9:43:00,21:02:00
1217,5,2024-04-19,9:07:00,21:11:00
1218,6,2024-04-19,9:40:00,21:35:00
1219,1,2024-04-20,9:25:00,21:01:00
1220,2,2024-04-20,9:26:00,21:07:00
1221,3,2024-04-20,9:53:00,21:44:00
1222,4,2024-04-20,9:18:00,21:37:00
1223,5,2024-04-20,9:09:00,21:16:00
1224,6,2024-04-20,9:11:00,21:00:00
1225,1,2024-04-21,9:56:00,21:37:00
1226,2,2024-04-21,9:34:00,21:24:00
1227,3,2024-04-21,9:47:00,21:18:00
1228,4,2024-04-21,9:23:00,21:37:00
1229,5,2024-04-21,9:01:00,21:46:00
1230,6,2024-04-21,9:24:00,21:15:00
1231,1,2024-04-22,9:05:00,21:16:00
1232,2,2024-04-22,9:30:00,21:28:00
1233,3,2024-04-22,9:46:00,21:14:00
1234,4,2024-04-22,9:51:00,21:43:00
1235,5,2024-04-22,9:55:00,21:30:00
1236,6,2024-04-22,9:46:00,21:57:00
1237,1,2024-04-23,9:17:00,21:52:00
1238,2,2024-04-23,9:12:00,21:25:00
1239,3,2024-04-23,9:17:00,21:29:00
1240,4,2024-04-23,9:36:00,21:18:00
1241,5,2024-04-23,9:05:00,21:12:00
1242,6,2024-04-23,9:27:00,21:10:00
1243,1,2024-04-24,9:48:00,21:29:00
1244,2,2024-04-24,9:48:00,21:20:00
1245,3,2024-04-24,9:01:00,21:28:00
1246,4,2024-04-24,9:01:00,21:37:00
1247,5,2024-04-24,9:39:00,21:57:00
1248,6,2024-04-24,9:01:00,21:22:00
1249,1,2024-04-25,9:24:00,21:58:00
1250,2,2024-04-25,9:50:00,21:52:00
1251,3,2024-04-25,9:00:00,21:01:00
1252,4,2024-04-25,9:48:00,21:26:00
1253,5,2024-04-25,9:15:00,21:30:00
1254,6,2024-04-25,9:30:00,21:28:00
1255,1,2024-04-26,9:11:00,21:23:00
1256,2,2024-04-26,9:18:00,21:22:00
1257,3,2024-04-26,9:28:00,21:19:00
1258,4,2024-04-26,9:40:00,21:03:00
1259,5,2024-04-26,9:55:00,21:54:00
1260,6,2024-04-26,9:58:00,21:23:00
1261,1,2024-04-27,9:22:00,21:02:00
1262,2,2024-04-27,9:27:00,21:32:00
1263,3,2024-04-27,9:40:00,21:32:00
1264,4,2024-04-27,9:37:00,21:24:00
1265,5,2024-04-27,9:15:00,21:13:00
1266,6,2024-04-27,9:43:00,21:50:00
1267,1,2024-04-28,9:47:00,21:15:00
1268,2,2024-04-28,9:15:00,21:37:00
1269,3,2024-04-28,9:04:00,21:36:00
1270,4,2024-04-28,9:23:00,21:20:00
1271,5,2024-04-28,9:01:00,21:42:00
1272,6,2024-04-28,9:20:00,21:57:00
1273,1,2024-04-29,9:22:00,21:28:00
1274,2,2024-04-29,9:40:00,21:54:00
1275,3,2024-04-29,9:24:00,21:39:00
1276,4,2024-04-29,9:44:00,21:00:00
1277,5,2024-04-29,9:06:00,21:15:00
1278,6,2024-04-29,9:46:00,21:10:00
1279,1,2024-04-30,9:14:00,21:10:00
1280,2,2024-04-30,9:51:00,21:52:00
1281,3,2024-04-30,9:59:00,21:29:00
1282,4,2024-04-30,9:49:00,21:54:00
1283,5,2024-04-30,9:36:00,21:02:00
1284,6,2024-04-30,9:25:00,21:41:00
1285,1,2024-05-01,9:11:00,21:59:00
1286,2,2024-05-01,9:25:00,21:06:00
1287,3,2024-05-01,9:00:00,21:08:00
1288,4,2024-05-01,9:56:00,21:37:00
1289,5,2024-05-01,9:32:00,21:57:00
1290,6,2024-05-01,9:55:00,21:14:00
1291,1,2024-05-02,9:57:00,21:54:00
1292,2,2024-05-02,9:04:00,21:01:00
1293,3,2024-05-02,9:59:00,21:42:00
1294,4,2024-05-02,9:48:00,21:25:00
1295,5,2024-05-02,9:12:00,21:22:00
1296,6,2024-05-02,9:57:00,21:55:00
1297,1,2024-05-03,9:53:00,21:05:00
1298,2,2024-05-03,9:20:00,21:09:00
1299,3,2024-05-03,9:30:00,21:05:00
1300,4,2024-05-03,9:58:00,21:15:00
1301,5,2024-05-03,9:25:00,21:24:00
1302,6,2024-05-03,9:26:00,21:45:00
1303,1,2024-05-04,9:55:00,21:43:00
1304,2,2024-05-04,9:46:00,21:30:00
1305,3,2024-05-04,9:06:00,21:40:00
1306,4,2024-05-04,9:38:00,21:11:00
1307,5,2024-05-04,9:28:00,21:14:00
1308,6,2024-05-04,9:47:00,21:37:00
1309,1,2024-05-05,9:06:00,21:57:00
1310,2,2024-05-05,9:19:00,21:29:00
1311,3,2024-05-05,9:37:00,21:55:00
1312,4,2024-05-05,9:28:00,21:19:00
1313,5,2024-05-05,9:01:00,21:13:00
1314,6,2024-05-05,9:47:00,21:01:00
1315,1,2024-05-06,9:57:00,21:27:00
1316,2,2024-05-06,9:46:00,21:19:00
1317,3,2024-05-06,9:55:00,21:43:00
1318,4,2024-05-06,9:21:00,21:18:00
1319,5,2024-05-06,9:21:00,21:45:00
1320,6,2024-05-06,9:30:00,21:27:00
1321,1,2024-05-07,9:00:00,21:33:00
1322,2,2024-05-07,9:14:00,21:08:00
1323,3,2024-05-07,9:05:00,21:20:00
1324,4,2024-05-07,9:36:00,21:45:00
1325,5,2024-05-07,9:01:00,21:09:00
1326,6,2024-05-07,9:16:00,21:49:00
1327,1,2024-05-08,9:10:00,21:25:00
1328,2,2024-05-08,9:56:00,21:13:00
1329,3,2024-05-08,9:54:00,21:29:00
1330,4,2024-05-08,9:00:00,21:08:00
1331,5,2024-05-08,9:36:00,21:38:00
1332,6,2024-05-08,9:05:00,21:27:00
1333,1,2024-05-09,9:39:00,21:26:00
1334,2,2024-05-09,9:17:00,21:20:00
1335,3,2024-05-09,9:34:00,21:18:00
1336,4,2024-05-09,9:29:00,21:01:00
1337,5,2024-05-09,9:10:00,21:57:00
1338,6,2024-05-09,9:15:00,21:09:00
1339,1,2024-05-10,9:10:00,21:58:00
1340,2,2024-05-10,9:30:00,21:08:00
1341,3,2024-05-10,9:42:00,21:28:00
1342,4,2024-05-10,9:40:00,21:04:00
1343,5,2024-05-10,9:56:00,21:28:00
1344,6,2024-05-10,9:56:00,21:53:00
1345,1,2024-05-11,9:46:00,21:17:00
1346,2,2024-05-11,9:53:00,21:36:00
1347,3,2024-05-11,9:32:00,21:36:00
1348,4,2024-05-11,9:51:00,21:01:00
1349,5,2024-05-11,9:28:00,21:16:00
1350,6,2024-05-11,9:11:00,21:00:00
1351,1,2024-05-12,9:40:00,21:28:00
1352,2,2024-05-12,9:36:00,21:14:00
1353,3,2024-05-12,9:59:00,21:11:00
1354,4,2024-05-12,9:23:00,21:50:00
1355,5,2024-05-12,9:14:00,21:43:00
1356,6,2024-05-12,9:28:00,21:38:00
1357,1,2024-05-13,9:29:00,21:07:00
1358,2,2024-05-13,9:30:00,21:31:00
1359,3,2024-05-13,9:13:00,21:29:00
1360,4,2024-05-13,9:15:00,21:49:00
1361,5,2024-05-13,9:15:00,21:24:00
1362,6,2024-05-13,9:26:00,21:15:00
1363,1,2024-05-14,9:03:00,21:45:00
1364,2,2024-05-14,9:16:00,21:13:00
1365,3,2024-05-14,9:29:00,21:21:00
1366,4,2024-05-14,9:05:00,21:09:00
1367,5,2024-05-14,9:14:00,21:23:00
1368,6,2024-05-14,9:21:00,21:21:00
1369,1,2024-05-15,9:11:00,21:21:00
1370,2,2024-05-15,9:54:00,21:33:00
1371,3,2024-05-15,9:53:00,21:04:00
1372,4,2024-05-15,9:09:00,21:30:00
1373,5,2024-05-15,9:48:00,21:13:00
1374,6,2024-05-15,9:36:00,21:38:00
1375,1,2024-05-16,9:35:00,21:03:00
1376,2,2024-05-16,9:30:00,21:31:00
1377,3,2024-05-16,9:37:00,21:34:00
1378,4,2024-05-16,9:06:00,21:23:00
1379,5,2024-05-16,9:53:00,21:01:00
1380,6,2024-05-16,9:15:00,21:17:00
1381,1,2024-05-17,9:31:00,21:28:00
1382,2,2024-05-17,9:10:00,21:32:00
1383,3,2024-05-17,9:39:00,21:18:00
1384,4,2024-05-17,9:28:00,21:33:00
1385,5,2024-05-17,9:33:00,21:16:00
1386,6,2024-05-17,9:17:00,21:38:00
1387,1,2024-05-18,9:58:00,21:07:00
1388,2,2024-05-18,9:50:00,21:10:00
1389,3,2024-05-18,9:19:00,21:54:00
1390,4,2024-05-18,9:19:00,21:00:00
1391,5,2024-05-18,9:15:00,21:22:00
1392,6,2024-05-18,9:47:00,21:30:00
1393,1,2024-05-19,9:21:00,21:14:00
1394,2,2024-05-19,9:21:00,21:45:00
1395,3,2024-05-19,9:03:00,21:20:00
1396,4,2024-05-19,9:22:00,21:49:00
1397,5,2024-05-19,9:31:00,21:49:00
1398,6,2024-05-19,9:40:00,21:55:00
1399,1,2024-05-20,9:26:00,21:56:00
1400,2,2024-05-20,9:25:00,21:29:00
1401,3,2024-05-20,9:36:00,21:18:00
1402,4,2024-05-20,9:10:00,21:58:00
1403,5,2024-05-20,9:30:00,21:38:00
1404,6,2024-05-20,9:07:00,21:58:00
1405,1,2024-05-21,9:45:00,21:15:00
1406,2,2024-05-21,9:01:00,21:09:00
1407,3,2024-05-21,9:42:00,21:50:00
1408,4,2024-05-21,9:30:00,21:40:00
1409,5,2024-05-21,9:49:00,21:46:00
1410,6,2024-05-21,9:47:00,21:55:00
1411,1,2024-05-22,9:23:00,21:48:00
1412,2,2024-05-22,9:34:00,21:34:00
1413,3,2024-05-22,9:42:00,21:44:00
1414,4,2024-05-22,9:07:00,21:02:00
1415,5,2024-05-22,9:13:00,21:08:00
1416,6,2024-05-22,9:53:00,21:56:00
1417,1,2024-05-23,9:22:00,21:43:00
1418,2,2024-05-23,9:20:00,21:02:00
1419,3,2024-05-23,9:43:00,21:50:00
1420,4,2024-05-23,9:41:00,21:12:00
1421,5,2024-05-23,9:27:00,21:35:00
1422,6,2024-05-23,9:29:00,21:33:00
1423,1,2024-05-24,9:07:00,21:15:00
1424,2,2024-05-24,9:18:00,21:05:00
1425,3,2024-05-24,9:09:00,21:22:00
1426,4,2024-05-24,9:35:00,21:06:00
1427,5,2024-05-24,9:18:00,21:58:00
1428,6,2024-05-24,9:01:00,21:33:00
1429,1,2024-05-25,9:05:00,21:11:00
1430,2,2024-05-25,9:24:00,21:31:00
1431,3,2024-05-25,9:09:00,21:41:00
1432,4,2024-05-25,9:01:00,21:05:00
1433,5,2024-05-25,9:34:00,21:25:00
1434,6,2024-05-25,9:59:00,21:39:00
1435,1,2024-05-26,9:22:00,21:55:00
1436,2,2024-05-26,9:40:00,21:08:00
1437,3,2024-05-26,9:11:00,21:09:00
1438,4,2024-05-26,9:41:00,21:46:00
1439,5,2024-05-26,9:00:00,21:03:00
1440,6,2024-05-26,9:58:00,21:10:00
1441,1,2024-05-27,9:29:00,21:28:00
1442,2,2024-05-27,9:11:00,21:12:00
1443,3,2024-05-27,9:55:00,21:42:00
1444,4,2024-05-27,9:37:00,21:21:00
1445,5,2024-05-27,9:39:00,21:34:00
1446,6,2024-05-27,9:30:00,21:11:00
1447,1,2024-05-28,9:36:00,21:41:00
1448,2,2024-05-28,9:57:00,21:29:00
1449,3,2024-05-28,9:55:00,21:58:00
1450,4,2024-05-28,9:35:00,21:10:00
1451,5,2024-05-28,9:50:00,21:28:00
1452,6,2024-05-28,9:22:00,21:28:00
1453,1,2024-05-29,9:09:00,21:31:00
1454,2,2024-05-29,9:22:00,21:48:00
1455,3,2024-05-29,9:54:00,21:03:00
1456,4,2024-05-29,9:45:00,21:03:00
1457,5,2024-05-29,9:31:00,21:57:00
1458,6,2024-05-29,9:36:00,21:58:00
1459,1,2024-05-30,9:18:00,21:59:00
1460,2,2024-05-30,9:16:00,21:42:00
1461,3,2024-05-30,9:43:00,21:09:00
1462,4,2024-05-30,9:57:00,21:34:00
1463,5,2024-05-30,9:40:00,21:19:00
1464,6,2024-05-30,9:53:00,21:02:00
1465,1,2024-05-31,9:50:00,21:33:00
1466,2,2024-05-31,9:43:00,21:31:00
1467,3,2024-05-31,9:43:00,21:59:00
1468,4,2024-05-31,9:31:00,21:00:00
1469,5,2024-05-31,9:53:00,21:47:00
1470,6,2024-05-31,9:31:00,21:28:00
1471,1,2024-06-01,9:28:00,21:51:00
1472,2,2024-06-01,9:54:00,21:05:00
1473,3,2024-06-01,9:06:00,21:34:00
1474,4,2024-06-01,9:24:00,21:41:00
1475,5,2024-06-01,9:00:00,21:18:00
1476,6,2024-06-01,9:23:00,21:57:00
1477,1,2024-06-02,9:17:00,21:50:00
1478,2,2024-06-02,9:21:00,21:52:00
1479,3,2024-06-02,9:29:00,21:12:00
1480,4,2024-06-02,9:23:00,21:41:00
1481,5,2024-06-02,9:11:00,21:25:00
1482,6,2024-06-02,9:19:00,21:29:00
1483,1,2024-06-03,9:57:00,21:18:00
1484,2,2024-06-03,9:37:00,21:49:00
1485,3,2024-06-03,9:41:00,21:16:00
1486,4,2024-06-03,9:56:00,21:00:00
1487,5,2024-06-03,9:37:00,21:34:00
1488,6,2024-06-03,9:24:00,21:30:00
1489,1,2024-06-04,9:19:00,21:58:00
1490,2,2024-06-04,9:07:00,21:38:00
1491,3,2024-06-04,9:56:00,21:38:00
1492,4,2024-06-04,9:09:00,21:40:00
1493,5,2024-06-04,9:15:00,21:57:00
1494,6,2024-06-04,9:49:00,21:21:00
1495,1,2024-06-05,9:27:00,21:29:00
1496,2,2024-06-05,9:55:00,21:13:00
1497,3,2024-06-05,9:33:00,21:27:00
1498,4,2024-06-05,9:16:00,21:16:00
1499,5,2024-06-05,9:28:00,21:38:00
1500,6,2024-06-05,9:49:00,21:20:00
1501,1,2024-06-06,9:44:00,21:53:00
1502,2,2024-06-06,9:28:00,21:14:00
1503,3,2024-06-06,9:42:00,21:20:00
1504,4,2024-06-06,9:09:00,21:17:00
1505,5,2024-06-06,9:41:00,21:55:00
1506,6,2024-06-06,9:20:00,21:49:00
1507,1,2024-06-07,9:18:00,21:52:00
1508,2,2024-06-07,9:33:00,21:50:00
1509,3,2024-06-07,9:14:00,21:01:00
1510,4,2024-06-07,9:28:00,21:29:00
1511,5,2024-06-07,9:43:00,21:58:00
1512,6,2024-06-07,9:45:00,21:50:00
1513,1,2024-06-08,9:13:00,21:44:00
1514,2,2024-06-08,9:57:00,21:10:00
1515,3,2024-06-08,9:06:00,21:49:00
1516,4,2024-06-08,9:28:00,21:04:00
1517,5,2024-06-08,9:10:00,21:34:00
1518,6,2024-06-08,9:20:00,21:57:00
1519,1,2024-06-09,9:43:00,21:05:00
1520,2,2024-06-09,9:40:00,21:39:00
1521,3,2024-06-09,9:29:00,21:54:00
1522,4,2024-06-09,9:01:00,21:50:00
1523,5,2024-06-09,9:40:00,21:24:00
1524,6,2024-06-09,9:37:00,21:48:00
1525,1,2024-06-10,9:30:00,21:14:00
1526,2,2024-06-10,9:40:00,21:30:00
1527,3,2024-06-10,9:11:00,21:45:00
1528,4,2024-06-10,9:52:00,21:44:00
1529,5,2024-06-10,9:53:00,21:06:00
1530,6,2024-06-10,9:36:00,21:55:00
1531,1,2024-06-11,9:03:00,21:29:00
1532,2,2024-06-11,9:10:00,21:30:00
1533,3,2024-06-11,9:52:00,21:52:00
1534,4,2024-06-11,9:11:00,21:48:00
1535,5,2024-06-11,9:56:00,21:39:00
1536,6,2024-06-11,9:26:00,21:33:00
1537,1,2024-06-12,9:54:00,21:45:00
1538,2,2024-06-12,9:26:00,21:44:00
1539,3,2024-06-12,9:56:00,21:19:00
1540,4,2024-06-12,9:09:00,21:09:00
1541,5,2024-06-12,9:58:00,21:13:00
1542,6,2024-06-12,9:48:00,21:50:00
1543,1,2024-06-13,9:55:00,21:54:00
1544,2,2024-06-13,9:51:00,21:36:00
1545,3,2024-06-13,9:14:00,21:58:00
1546,4,2024-06-13,9:17:00,21:41:00
1547,5,2024-06-13,9:58:00,21:46:00
1548,6,2024-06-13,9:24:00,21:10:00
1549,1,2024-06-14,9:29:00,21:19:00
1550,2,2024-06-14,9:09:00,21:01:00
1551,3,2024-06-14,9:58:00,21:03:00
1552,4,2024-06-14,9:34:00,21:45:00
1553,5,2024-06-14,9:35:00,21:08:00
1554,6,2024-06-14,9:42:00,21:28:00
1555,1,2024-06-15,9:55:00,21:41:00
1556,2,2024-06-15,9:08:00,21:58:00
1557,3,2024-06-15,9:17:00,21:29:00
1558,4,2024-06-15,9:47:00,21:41:00
1559,5,2024-06-15,9:24:00,21:11:00
1560,6,2024-06-15,9:11:00,21:32:00
1561,1,2024-06-16,9:13:00,21:19:00
1562,2,2024-06-16,9:50:00,21:46:00
1563,3,2024-06-16,9:42:00,21:18:00
1564,4,2024-06-16,9:13:00,21:27:00
1565,5,2024-06-16,9:28:00,21:55:00
1566,6,2024-06-16,9:20:00,21:03:00
1567,1,2024-06-17,9:25:00,21:43:00
1568,2,2024-06-17,9:31:00,21:48:00
1569,3,2024-06-17,9:06:00,21:11:00
1570,4,2024-06-17,9:00:00,21:36:00
1571,5,2024-06-17,9:55:00,21:21:00
1572,6,2024-06-17,9:53:00,21:39:00
1573,1,2024-06-18,9:12:00,21:24:00
1574,2,2024-06-18,9:22:00,21:20:00
1575,3,2024-06-18,9:15:00,21:36:00
1576,4,2024-06-18,9:18:00,21:31:00
1577,5,2024-06-18,9:06:00,21:11:00
1578,6,2024-06-18,9:30:00,21:51:00
1579,1,2024-06-19,9:45:00,21:31:00
1580,2,2024-06-19,9:56:00,21:55:00
1581,3,2024-06-19,9:29:00,21:14:00
1582,4,2024-06-19,9:01:00,21:29:00
1583,5,2024-06-19,9:23:00,21:42:00
1584,6,2024-06-19,9:02:00,21:26:00
1585,1,2024-06-20,9:27:00,21:22:00
1586,2,2024-06-20,9:19:00,21:10:00
1587,3,2024-06-20,9:54:00,21:48:00
1588,4,2024-06-20,9:42:00,21:37:00
1589,5,2024-06-20,9:33:00,21:21:00
1590,6,2024-06-20,9:53:00,21:00:00
1591,1,2024-06-21,9:22:00,21:46:00
1592,2,2024-06-21,9:26:00,21:33:00
1593,3,2024-06-21,9:07:00,21:45:00
1594,4,2024-06-21,9:17:00,21:02:00
1595,5,2024-06-21,9:27:00,21:04:00
1596,6,2024-06-21,9:25:00,21:26:00
1597,1,2024-06-22,9:26:00,21:38:00
1598,2,2024-06-22,9:33:00,21:09:00
1599,3,2024-06-22,9:56:00,21:33:00
1600,4,2024-06-22,9:53:00,21:02:00
1601,5,2024-06-22,9:50:00,21:03:00
1602,6,2024-06-22,9:23:00,21:57:00
1603,1,2024-06-23,9:55:00,21:06:00
1604,2,2024-06-23,9:45:00,21:58:00
1605,3,2024-06-23,9:08:00,21:01:00
1606,4,2024-06-23,9:42:00,21:36:00
1607,5,2024-06-23,9:09:00,21:41:00
1608,6,2024-06-23,9:21:00,21:07:00
1609,1,2024-06-24,9:04:00,21:35:00
1610,2,2024-06-24,9:43:00,21:10:00
1611,3,2024-06-24,9:59:00,21:17:00
1612,4,2024-06-24,9:59:00,21:41:00
1613,5,2024-06-24,9:59:00,21:10:00
1614,6,2024-06-24,9:39:00,21:48:00
1615,1,2024-06-25,9:25:00,21:08:00
1616,2,2024-06-25,9:38:00,21:38:00
1617,3,2024-06-25,9:36:00,21:45:00
1618,4,2024-06-25,9:57:00,21:47:00
1619,5,2024-06-25,9:30:00,21:39:00
1620,6,2024-06-25,9:33:00,21:41:00
1621,1,2024-06-26,9:30:00,21:18:00
1622,2,2024-06-26,9:21:00,21:15:00
1623,3,2024-06-26,9:37:00,21:29:00
1624,4,2024-06-26,9:15:00,21:16:00
1625,5,2024-06-26,9:23:00,21:51:00
1626,6,2024-06-26,9:07:00,21:07:00
1627,1,2024-06-27,9:19:00,21:54:00
1628,2,2024-06-27,9:03:00,21:02:00
1629,3,2024-06-27,9:51:00,21:45:00
1630,4,2024-06-27,9:24:00,21:15:00
1631,5,2024-06-27,9:13:00,21:17:00
1632,6,2024-06-27,9:26:00,21:30:00
1633,1,2024-06-28,9:29:00,21:40:00
1634,2,2024-06-28,9:26:00,21:46:00
1635,3,2024-06-28,9:10:00,21:12:00
1636,4,2024-06-28,9:04:00,21:03:00
1637,5,2024-06-28,9:22:00,21:07:00
1638,6,2024-06-28,9:24:00,21:23:00
1639,1,2024-06-29,9:47:00,21:23:00
1640,2,2024-06-29,9:18:00,21:13:00
1641,3,2024-06-29,9:00:00,21:09:00
1642,4,2024-06-29,9:36:00,21:46:00
1643,5,2024-06-29,9:24:00,21:50:00
1644,6,2024-06-29,9:15:00,21:31:00
1645,1,2024-06-30,9:19:00,21:27:00
1646,2,2024-06-30,9:41:00,21:45:00
1647,3,2024-06-30,9:38:00,21:46:00
1648,4,2024-06-30,9:59:00,21:20:00
1649,5,2024-06-30,9:02:00,21:32:00
1650,6,2024-06-30,9:30:00,21:35:00
1651,1,2024-07-01,9:23:00,21:30:00
1652,2,2024-07-01,9:06:00,21:31:00
1653,3,2024-07-01,9:26:00,21:53:00
1654,4,2024-07-01,9:49:00,21:14:00
1655,5,2024-07-01,9:14:00,21:56:00
1656,6,2024-07-01,9:33:00,21:31:00
1657,1,2024-07-02,9:01:00,21:54:00
1658,2,2024-07-02,9:41:00,21:26:00
1659,3,2024-07-02,9:35:00,21:16:00
1660,4,2024-07-02,9:58:00,21:20:00
1661,5,2024-07-02,9:37:00,21:21:00
1662,6,2024-07-02,9:12:00,21:07:00
1663,1,2024-07-03,9:17:00,21:58:00
1664,2,2024-07-03,9:56:00,21:19:00
1665,3,2024-07-03,9:25:00,21:22:00
1666,4,2024-07-03,9:10:00,21:27:00
1667,5,2024-07-03,9:46:00,21:32:00
1668,6,2024-07-03,9:46:00,21:49:00
1669,1,2024-07-04,9:18:00,21:00:00
1670,2,2024-07-04,9:33:00,21:35:00
1671,3,2024-07-04,9:50:00,21:18:00
1672,4,2024-07-04,9:22:00,21:23:00
1673,5,2024-07-04,9:27:00,21:14:00
1674,6,2024-07-04,9:19:00,21:05:00
1675,1,2024-07-05,9:20:00,21:55:00
1676,2,2024-07-05,9:18:00,21:05:00
1677,3,2024-07-05,9:12:00,21:25:00
1678,4,2024-07-05,9:23:00,21:05:00
1679,5,2024-07-05,9:45:00,21:46:00
1680,6,2024-07-05,9:17:00,21:12:00
1681,1,2024-07-06,9:22:00,21:14:00
1682,2,2024-07-06,9:51:00,21:54:00
1683,3,2024-07-06,9:33:00,21:50:00
1684,4,2024-07-06,9:50:00,21:37:00
1685,5,2024-07-06,9:45:00,21:01:00
1686,6,2024-07-06,9:53:00,21:23:00
1687,1,2024-07-07,9:03:00,21:03:00
1688,2,2024-07-07,9:26:00,21:21:00
1689,3,2024-07-07,9:06:00,21:11:00
1690,4,2024-07-07,9:38:00,21:39:00
1691,5,2024-07-07,9:08:00,21:45:00
1692,6,2024-07-07,9:38:00,21:54:00
1693,1,2024-07-08,9:03:00,21:36:00
1694,2,2024-07-08,9:49:00,21:18:00
1695,3,2024-07-08,9:41:00,21:11:00
1696,4,2024-07-08,9:58:00,21:41:00
1697,5,2024-07-08,9:25:00,21:17:00
1698,6,2024-07-08,9:04:00,21:19:00
1699,1,2024-07-09,9:56:00,21:55:00
1700,2,2024-07-09,9:01:00,21:43:00
1701,3,2024-07-09,9:30:00,21:19:00
1702,4,2024-07-09,9:03:00,21:12:00
1703,5,2024-07-09,9:24:00,21:53:00
1704,6,2024-07-09,9:30:00,21:31:00
1705,1,2024-07-10,9:36:00,21:54:00
1706,2,2024-07-10,9:25:00,21:02:00
1707,3,2024-07-10,9:45:00,21:18:00
1708,4,2024-07-10,9:50:00,21:15:00
1709,5,2024-07-10,9:46:00,21:28:00
1710,6,2024-07-10,9:19:00,21:49:00
1711,1,2024-07-11,9:21:00,21:51:00
1712,2,2024-07-11,9:45:00,21:35:00
1713,3,2024-07-11,9:02:00,21:53:00
1714,4,2024-07-11,9:53:00,21:10:00
1715,5,2024-07-11,9:43:00,21:19:00
1716,6,2024-07-11,9:38:00,21:17:00
1717,1,2024-07-12,9:31:00,21:56:00
1718,2,2024-07-12,9:02:00,21:27:00
1719,3,2024-07-12,9:45:00,21:28:00
1720,4,2024-07-12,9:47:00,21:21:00
1721,5,2024-07-12,9:09:00,21:46:00
1722,6,2024-07-12,9:28:00,21:13:00
1723,1,2024-07-13,9:14:00,21:45:00
1724,2,2024-07-13,9:50:00,21:56:00
1725,3,2024-07-13,9:32:00,21:28:00
1726,4,2024-07-13,9:04:00,21:22:00
1727,5,2024-07-13,9:59:00,21:31:00
1728,6,2024-07-13,9:34:00,21:00:00
1729,1,2024-07-14,9:53:00,21:53:00
1730,2,2024-07-14,9:25:00,21:16:00
1731,3,2024-07-14,9:35:00,21:26:00
1732,4,2024-07-14,9:42:00,21:43:00
1733,5,2024-07-14,9:10:00,21:36:00
1734,6,2024-07-14,9:26:00,21:34:00
1735,1,2024-07-15,9:08:00,21:32:00
1736,2,2024-07-15,9:48:00,21:51:00
1737,3,2024-07-15,9:30:00,21:01:00
1738,4,2024-07-15,9:48:00,21:33:00
1739,5,2024-07-15,9:07:00,21:56:00
1740,6,2024-07-15,9:17:00,21:45:00
1741,1,2024-07-16,9:38:00,21:00:00
1742,2,2024-07-16,9:16:00,21:40:00
1743,3,2024-07-16,9:09:00,21:23:00
1744,4,2024-07-16,9:57:00,21:59:00
1745,5,2024-07-16,9:19:00,21:17:00
1746,6,2024-07-16,9:41:00,21:10:00
1747,1,2024-07-17,9:05:00,21:54:00
1748,2,2024-07-17,9:31:00,21:00:00
1749,3,2024-07-17,9:57:00,21:57:00
1750,4,2024-07-17,9:31:00,21:40:00
1751,5,2024-07-17,9:18:00,21:16:00
1752,6,2024-07-17,9:40:00,21:35:00
1753,1,2024-07-18,9:25:00,21:21:00
1754,2,2024-07-18,9:15:00,21:53:00
1755,3,2024-07-18,9:09:00,21:21:00
1756,4,2024-07-18,9:40:00,21:30:00
1757,5,2024-07-18,9:36:00,21:57:00
1758,6,2024-07-18,9:32:00,21:52:00
1759,1,2024-07-19,9:40:00,21:20:00
1760,2,2024-07-19,9:39:00,21:55:00
1761,3,2024-07-19,9:33:00,21:06:00
1762,4,2024-07-19,9:23:00,21:21:00
1763,5,2024-07-19,9:33:00,21:37:00
1764,6,2024-07-19,9:44:00,21:02:00
1765,1,2024-07-20,9:19:00,21:34:00
1766,2,2024-07-20,9:26:00,21:24:00
1767,3,2024-07-20,9:23:00,21:31:00
1768,4,2024-07-20,9:47:00,21:15:00
1769,5,2024-07-20,9:56:00,21:42:00
1770,6,2024-07-20,9:11:00,21:48:00
1771,1,2024-07-21,9:39:00,21:30:00
1772,2,2024-07-21,9:40:00,21:22:00
1773,3,2024-07-21,9:36:00,21:30:00
1774,4,2024-07-21,9:59:00,21:39:00
1775,5,2024-07-21,9:18:00,21:44:00
1776,6,2024-07-21,9:13:00,21:32:00
1777,1,2024-07-22,9:42:00,21:08:00
1778,2,2024-07-22,9:37:00,21:36:00
1779,3,2024-07-22,9:53:00,21:09:00
1780,4,2024-07-22,9:39:00,21:57:00
1781,5,2024-07-22,9:30:00,21:03:00
1782,6,2024-07-22,9:56:00,21:05:00
1783,1,2024-07-23,9:57:00,21:43:00
1784,2,2024-07-23,9:31:00,21:37:00
1785,3,2024-07-23,9:37:00,21:28:00
1786,4,2024-07-23,9:15:00,21:37:00
1787,5,2024-07-23,9:14:00,21:53:00
1788,6,2024-07-23,9:27:00,21:24:00
1789,1,2024-07-24,9:10:00,21:29:00
1790,2,2024-07-24,9:18:00,21:08:00
1791,3,2024-07-24,9:24:00,21:11:00
1792,4,2024-07-24,9:30:00,21:52:00
1793,5,2024-07-24,9:21:00,21:06:00
1794,6,2024-07-24,9:26:00,21:08:00
1795,1,2024-07-25,9:27:00,21:38:00
1796,2,2024-07-25,9:25:00,21:14:00
1797,3,2024-07-25,9:45:00,21:13:00
1798,4,2024-07-25,9:56:00,21:14:00
1799,5,2024-07-25,9:51:00,21:35:00
1800,6,2024-07-25,9:13:00,21:11:00
1801,1,2024-07-26,9:36:00,21:11:00
1802,2,2024-07-26,9:39:00,21:30:00
1803,3,2024-07-26,9:47:00,21:30:00
1804,4,2024-07-26,9:15:00,21:52:00
1805,5,2024-07-26,9:59:00,21:29:00
1806,6,2024-07-26,9:23:00,21:25:00
1807,1,2024-07-27,9:09:00,21:03:00
1808,2,2024-07-27,9:16:00,21:46:00
1809,3,2024-07-27,9:34:00,21:43:00
1810,4,2024-07-27,9:49:00,21:48:00
1811,5,2024-07-27,9:02:00,21:15:00
1812,6,2024-07-27,9:56:00,21:45:00
1813,1,2024-07-28,9:17:00,21:54:00
1814,2,2024-07-28,9:54:00,21:51:00
1815,3,2024-07-28,9:58:00,21:45:00
1816,4,2024-07-28,9:08:00,21:54:00
1817,5,2024-07-28,9:24:00,21:49:00
1818,6,2024-07-28,9:27:00,21:19:00
1819,1,2024-07-29,9:14:00,21:22:00
1820,2,2024-07-29,9:01:00,21:56:00
1821,3,2024-07-29,9:24:00,21:20:00
1822,4,2024-07-29,9:21:00,21:35:00
1823,5,2024-07-29,9:42:00,21:50:00
1824,6,2024-07-29,9:47:00,21:49:00
1825,1,2024-07-30,9:10:00,21:44:00
1826,2,2024-07-30,9:41:00,21:45:00
1827,3,2024-07-30,9:52:00,21:57:00
1828,4,2024-07-30,9:22:00,21:05:00
1829,5,2024-07-30,9:45:00,21:31:00
1830,6,2024-07-30,9:51:00,21:33:00
1831,1,2024-07-31,9:02:00,21:18:00
1832,2,2024-07-31,9:22:00,21:36:00
1833,3,2024-07-31,9:02:00,21:51:00
1834,4,2024-07-31,9:31:00,21:25:00
1835,5,2024-07-31,9:26:00,21:25:00
1836,6,2024-07-31,9:30:00,21:23:00
1837,1,2024-08-01,9:48:00,21:08:00
1838,2,2024-08-01,9:30:00,21:03:00
1839,3,2024-08-01,9:28:00,21:26:00
1840,4,2024-08-01,9:31:00,21:30:00
1841,5,2024-08-01,9:45:00,21:40:00
1842,6,2024-08-01,9:43:00,21:55:00
1843,1,2024-08-02,9:49:00,21:38:00
1844,2,2024-08-02,9:31:00,21:11:00
1845,3,2024-08-02,9:18:00,21:11:00
1846,4,2024-08-02,9:58:00,21:06:00
1847,5,2024-08-02,9:05:00,21:40:00
1848,6,2024-08-02,9:47:00,21:35:00
1849,1,2024-08-03,9:54:00,21:17:00
1850,2,2024-08-03,9:29:00,21:03:00
1851,3,2024-08-03,9:26:00,21:12:00
1852,4,2024-08-03,9:30:00,21:42:00
1853,5,2024-08-03,9:04:00,21:07:00
1854,6,2024-08-03,9:30:00,21:42:00
1855,1,2024-08-04,9:21:00,21:54:00
1856,2,2024-08-04,9:19:00,21:33:00
1857,3,2024-08-04,9:25:00,21:29:00
1858,4,2024-08-04,9:21:00,21:33:00
1859,5,2024-08-04,9:24:00,21:35:00
1860,6,2024-08-04,9:07:00,21:30:00
1861,1,2024-08-05,9:06:00,21:13:00
1862,2,2024-08-05,9:10:00,21:50:00
1863,3,2024-08-05,9:17:00,21:05:00
1864,4,2024-08-05,9:48:00,21:28:00
1865,5,2024-08-05,9:32:00,21:26:00
1866,6,2024-08-05,9:50:00,21:11:00
1867,1,2024-08-06,9:22:00,21:37:00
1868,2,2024-08-06,9:14:00,21:30:00
1869,3,2024-08-06,9:22:00,21:23:00
1870,4,2024-08-06,9:15:00,21:06:00
1871,5,2024-08-06,9:47:00,21:58:00
1872,6,2024-08-06,9:34:00,21:47:00
1873,1,2024-08-07,9:41:00,21:20:00
1874,2,2024-08-07,9:15:00,21:45:00
1875,3,2024-08-07,9:58:00,21:41:00
1876,4,2024-08-07,9:22:00,21:51:00
1877,5,2024-08-07,9:41:00,21:45:00
1878,6,2024-08-07,9:29:00,21:05:00
1879,1,2024-08-08,9:45:00,21:22:00
1880,2,2024-08-08,9:37:00,21:13:00
1881,3,2024-08-08,9:23:00,21:39:00
1882,4,2024-08-08,9:05:00,21:30:00
1883,5,2024-08-08,9:21:00,21:00:00
1884,6,2024-08-08,9:00:00,21:21:00
1885,1,2024-08-09,9:27:00,21:40:00
1886,2,2024-08-09,9:07:00,21:43:00
1887,3,2024-08-09,9:12:00,21:20:00
1888,4,2024-08-09,9:20:00,21:17:00
1889,5,2024-08-09,9:03:00,21:38:00
1890,6,2024-08-09,9:19:00,21:39:00
1891,1,2024-08-10,9:53:00,21:47:00
1892,2,2024-08-10,9:08:00,21:56:00
1893,3,2024-08-10,9:09:00,21:12:00
1894,4,2024-08-10,9:32:00,21:35:00
1895,5,2024-08-10,9:15:00,21:14:00
1896,6,2024-08-10,9:50:00,21:09:00
1897,1,2024-08-11,9:12:00,21:11:00
1898,2,2024-08-11,9:49:00,21:29:00
1899,3,2024-08-11,9:11:00,21:24:00
1900,4,2024-08-11,9:52:00,21:10:00
1901,5,2024-08-11,9:41:00,21:34:00
1902,6,2024-08-11,9:05:00,21:55:00
1903,1,2024-08-12,9:46:00,21:14:00
1904,2,2024-08-12,9:00:00,21:48:00
1905,3,2024-08-12,9:12:00,21:12:00
1906,4,2024-08-12,9:54:00,21:12:00
1907,5,2024-08-12,9:02:00,21:54:00
1908,6,2024-08-12,9:08:00,21:30:00
1909,1,2024-08-13,9:00:00,21:29:00
1910,2,2024-08-13,9:34:00,21:59:00
1911,3,2024-08-13,9:09:00,21:27:00
1912,4,2024-08-13,9:12:00,21:10:00
1913,5,2024-08-13,9:48:00,21:11:00
1914,6,2024-08-13,9:55:00,21:24:00
1915,1,2024-08-14,9:28:00,21:37:00
1916,2,2024-08-14,9:04:00,21:50:00
1917,3,2024-08-14,9:04:00,21:03:00
1918,4,2024-08-14,9:07:00,21:36:00
1919,5,2024-08-14,9:55:00,21:44:00
1920,6,2024-08-14,9:10:00,21:08:00
1921,1,2024-08-15,9:12:00,21:10:00
1922,2,2024-08-15,9:12:00,21:50:00
1923,3,2024-08-15,9:34:00,21:45:00
1924,4,2024-08-15,9:26:00,21:43:00
1925,5,2024-08-15,9:55:00,21:54:00
1926,6,2024-08-15,9:53:00,21:33:00
1927,1,2024-08-16,9:22:00,21:26:00
1928,2,2024-08-16,9:58:00,21:04:00
1929,3,2024-08-16,9:50:00,21:51:00
1930,4,2024-08-16,9:34:00,21:40:00
1931,5,2024-08-16,9:36:00,21:25:00
1932,6,2024-08-16,9:36:00,21:16:00
1933,1,2024-08-17,9:09:00,21:48:00
1934,2,2024-08-17,9:48:00,21:24:00
1935,3,2024-08-17,9:28:00,21:57:00
1936,4,2024-08-17,9:35:00,21:49:00
1937,5,2024-08-17,9:36:00,21:51:00
1938,6,2024-08-17,9:50:00,21:11:00
1939,1,2024-08-18,9:53:00,21:02:00
1940,2,2024-08-18,9:57:00,21:11:00
1941,3,2024-08-18,9:06:00,21:36:00
1942,4,2024-08-18,9:44:00,21:08:00
1943,5,2024-08-18,9:16:00,21:23:00
1944,6,2024-08-18,9:06:00,21:12:00
1945,1,2024-08-19,9:46:00,21:51:00
1946,2,2024-08-19,9:37:00,21:31:00
1947,3,2024-08-19,9:27:00,21:39:00
1948,4,2024-08-19,9:22:00,21:38:00
1949,5,2024-08-19,9:18:00,21:03:00
1950,6,2024-08-19,9:33:00,21:05:00
1951,1,2024-08-20,9:27:00,21:37:00
1952,2,2024-08-20,9:43:00,21:37:00
1953,3,2024-08-20,9:21:00,21:08:00
1954,4,2024-08-20,9:25:00,21:06:00
1955,5,2024-08-20,9:53:00,21:41:00
1956,6,2024-08-20,9:15:00,21:59:00
1957,1,2024-08-21,9:28:00,21:02:00
1958,2,2024-08-21,9:43:00,21:45:00
1959,3,2024-08-21,9:32:00,21:03:00
1960,4,2024-08-21,9:20:00,21:18:00
1961,5,2024-08-21,9:41:00,21:26:00
1962,6,2024-08-21,9:53:00,21:57:00
1963,1,2024-08-22,9:36:00,21:24:00
1964,2,2024-08-22,9:52:00,21:17:00
1965,3,2024-08-22,9:10:00,21:17:00
1966,4,2024-08-22,9:27:00,21:54:00
1967,5,2024-08-22,9:57:00,21:23:00
1968,6,2024-08-22,9:54:00,21:00:00
1969,1,2024-08-23,9:48:00,21:49:00
1970,2,2024-08-23,9:03:00,21:58:00
1971,3,2024-08-23,9:37:00,21:53:00
1972,4,2024-08-23,9:10:00,21:35:00
1973,5,2024-08-23,9:54:00,21:37:00
1974,6,2024-08-23,9:41:00,21:27:00
1975,1,2024-08-24,9:27:00,21:55:00
1976,2,2024-08-24,9:21:00,21:33:00
1977,3,2024-08-24,9:46:00,21:44:00
1978,4,2024-08-24,9:22:00,21:16:00
1979,5,2024-08-24,9:48:00,21:06:00
1980,6,2024-08-24,9:37:00,21:49:00
1981,1,2024-08-25,9:14:00,21:24:00
1982,2,2024-08-25,9:59:00,21:18:00
1983,3,2024-08-25,9:31:00,21:46:00
1984,4,2024-08-25,9:48:00,21:56:00
1985,5,2024-08-25,9:20:00,21:21:00
1986,6,2024-08-25,9:18:00,21:37:00
1987,1,2024-08-26,9:38:00,21:30:00
1988,2,2024-08-26,9:06:00,21:21:00
1989,3,2024-08-26,9:02:00,21:32:00
1990,4,2024-08-26,9:37:00,21:05:00
1991,5,2024-08-26,9:40:00,21:15:00
1992,6,2024-08-26,9:55:00,21:52:00
1993,1,2024-08-27,9:54:00,21:29:00
1994,2,2024-08-27,9:14:00,21:43:00
1995,3,2024-08-27,9:49:00,21:13:00
1996,4,2024-08-27,9:27:00,21:17:00
1997,5,2024-08-27,9:19:00,21:49:00
1998,6,2024-08-27,9:38:00,21:36:00
1999,1,2024-08-28,9:10:00,21:10:00
2000,2,2024-08-28,9:00:00,21:57:00
2001,3,2024-08-28,9:21:00,21:10:00
2002,4,2024-08-28,9:22:00,21:06:00
2003,5,2024-08-28,9:36:00,21:20:00
2004,6,2024-08-28,9:32:00,21:20:00
2005,1,2024-08-29,9:59:00,21:59:00
2006,2,2024-08-29,9:19:00,21:27:00
2007,3,2024-08-29,9:55:00,21:15:00
2008,4,2024-08-29,9:22:00,21:56:00
2009,5,2024-08-29,9:59:00,21:25:00
2010,6,2024-08-29,9:23:00,21:04:00
2011,1,2024-08-30,9:58:00,21:59:00
2012,2,2024-08-30,9:09:00,21:39:00
2013,3,2024-08-30,9:37:00,21:38:00
2014,4,2024-08-30,9:57:00,21:31:00
2015,5,2024-08-30,9:01:00,21:54:00
2016,6,2024-08-30,9:18:00,21:46:00
2017,1,2024-08-31,9:00:00,21:49:00
2018,2,2024-08-31,9:55:00,21:30:00
2019,3,2024-08-31,9:09:00,21:49:00
2020,4,2024-08-31,9:08:00,21:59:00
2021,5,2024-08-31,9:28:00,21:54:00
2022,6,2024-08-31,9:49:00,21:13:00
2023,1,2024-09-01,9:56:00,21:30:00
2024,2,2024-09-01,9:52:00,21:10:00
2025,3,2024-09-01,9:26:00,21:40:00
2026,4,2024-09-01,9:02:00,21:27:00
2027,5,2024-09-01,9:26:00,21:52:00
2028,6,2024-09-01,9:54:00,21:20:00
2029,1,2024-09-02,9:23:00,21:11:00
2030,2,2024-09-02,9:09:00,21:59:00
2031,3,2024-09-02,9:42:00,21:09:00
2032,4,2024-09-02,9:56:00,21:40:00
2033,5,2024-09-02,9:02:00,21:39:00
2034,6,2024-09-02,9:33:00,21:29:00
2035,1,2024-09-03,9:52:00,21:28:00
2036,2,2024-09-03,9:48:00,21:46:00
2037,3,2024-09-03,9:37:00,21:33:00
2038,4,2024-09-03,9:50:00,21:08:00
2039,5,2024-09-03,9:24:00,21:31:00
2040,6,2024-09-03,9:27:00,21:01:00
2041,1,2024-09-04,9:26:00,21:56:00
2042,2,2024-09-04,9:36:00,21:15:00
2043,3,2024-09-04,9:50:00,21:42:00
2044,4,2024-09-04,9:19:00,21:42:00
2045,5,2024-09-04,9:34:00,21:24:00
2046,6,2024-09-04,9:13:00,21:40:00
2047,1,2024-09-05,9:52:00,21:30:00
2048,2,2024-09-05,9:09:00,21:46:00
2049,3,2024-09-05,9:51:00,21:37:00
2050,4,2024-09-05,9:00:00,21:49:00
2051,5,2024-09-05,9:12:00,21:24:00
2052,6,2024-09-05,9:09:00,21:21:00
2053,1,2024-09-06,9:24:00,21:43:00
2054,2,2024-09-06,9:31:00,21:08:00
2055,3,2024-09-06,9:18:00,21:35:00
2056,4,2024-09-06,9:00:00,21:24:00
2057,5,2024-09-06,9:13:00,21:44:00
2058,6,2024-09-06,9:56:00,21:12:00
2059,1,2024-09-07,9:03:00,21:19:00
2060,2,2024-09-07,9:48:00,21:16:00
2061,3,2024-09-07,9:44:00,21:13:00
2062,4,2024-09-07,9:21:00,21:24:00
2063,5,2024-09-07,9:27:00,21:52:00
2064,6,2024-09-07,9:29:00,21:18:00
2065,1,2024-09-08,9:04:00,21:18:00
2066,2,2024-09-08,9:16:00,21:57:00
2067,3,2024-09-08,9:06:00,21:54:00
2068,4,2024-09-08,9:23:00,21:28:00
2069,5,2024-09-08,9:49:00,21:00:00
2070,6,2024-09-08,9:37:00,21:51:00
2071,1,2024-09-09,9:46:00,21:06:00
2072,2,2024-09-09,9:25:00,21:40:00
2073,3,2024-09-09,9:31:00,21:41:00
2074,4,2024-09-09,9:19:00,21:39:00
2075,5,2024-09-09,9:35:00,21:17:00
2076,6,2024-09-09,9:33:00,21:56:00
2077,1,2024-09-10,9:18:00,21:45:00
2078,2,2024-09-10,9:37:00,21:25:00
2079,3,2024-09-10,9:03:00,21:35:00
2080,4,2024-09-10,9:04:00,21:38:00
2081,5,2024-09-10,9:19:00,21:38:00
2082,6,2024-09-10,9:24:00,21:08:00
2083,1,2024-09-11,9:01:00,21:32:00
2084,2,2024-09-11,9:14:00,21:36:00
2085,3,2024-09-11,9:05:00,21:55:00
2086,4,2024-09-11,9:34:00,21:10:00
2087,5,2024-09-11,9:26:00,21:34:00
2088,6,2024-09-11,9:09:00,21:32:00
2089,1,2024-09-12,9:53:00,21:53:00
2090,2,2024-09-12,9:03:00,21:55:00
2091,3,2024-09-12,9:30:00,21:09:00
2092,4,2024-09-12,9:04:00,21:09:00
2093,5,2024-09-12,9:09:00,21:56:00
2094,6,2024-09-12,9:41:00,21:28:00
2095,1,2024-09-13,9:47:00,21:38:00
2096,2,2024-09-13,9:11:00,21:04:00
2097,3,2024-09-13,9:42:00,21:43:00
2098,4,2024-09-13,9:48:00,21:42:00
2099,5,2024-09-13,9:08:00,21:21:00
2100,6,2024-09-13,9:08:00,21:24:00
2101,1,2024-09-14,9:06:00,21:01:00
2102,2,2024-09-14,9:07:00,21:54:00
2103,3,2024-09-14,9:18:00,21:11:00
2104,4,2024-09-14,9:03:00,21:14:00
2105,5,2024-09-14,9:42:00,21:35:00
2106,6,2024-09-14,9:46:00,21:32:00
2107,1,2024-09-15,9:16:00,21:02:00
2108,2,2024-09-15,9:18:00,21:39:00
2109,3,2024-09-15,9:51:00,21:47:00
2110,4,2024-09-15,9:33:00,21:48:00
2111,5,2024-09-15,9:38:00,21:11:00
2112,6,2024-09-15,9:41:00,21:09:00
2113,1,2024-09-16,9:41:00,21:58:00
2114,2,2024-09-16,9:42:00,21:54:00
2115,3,2024-09-16,9:04:00,21:14:00
2116,4,2024-09-16,9:54:00,21:10:00
2117,5,2024-09-16,9:29:00,21:59:00
2118,6,2024-09-16,9:09:00,21:55:00
2119,1,2024-09-17,9:44:00,21:47:00
2120,2,2024-09-17,9:09:00,21:21:00
2121,3,2024-09-17,9:38:00,21:13:00
2122,4,2024-09-17,9:25:00,21:29:00
2123,5,2024-09-17,9:22:00,21:25:00
2124,6,2024-09-17,9:11:00,21:15:00
2125,1,2024-09-18,9:28:00,21:41:00
2126,2,2024-09-18,9:28:00,21:44:00
2127,3,2024-09-18,9:09:00,21:02:00
2128,4,2024-09-18,9:13:00,21:43:00
2129,5,2024-09-18,9:30:00,21:11:00
2130,6,2024-09-18,9:31:00,21:28:00
2131,1,2024-09-19,9:45:00,21:59:00
2132,2,2024-09-19,9:33:00,21:45:00
2133,3,2024-09-19,9:23:00,21:51:00
2134,4,2024-09-19,9:54:00,21:39:00
2135,5,2024-09-19,9:54:00,21:39:00
2136,6,2024-09-19,9:46:00,21:35:00
2137,1,2024-09-20,9:12:00,21:24:00
2138,2,2024-09-20,9:02:00,21:25:00
2139,3,2024-09-20,9:14:00,21:25:00
2140,4,2024-09-20,9:37:00,21:06:00
2141,5,2024-09-20,9:34:00,21:53:00
2142,6,2024-09-20,9:01:00,21:42:00
2143,1,2024-09-21,9:07:00,21:12:00
2144,2,2024-09-21,9:24:00,21:38:00
2145,3,2024-09-21,9:48:00,21:52:00
2146,4,2024-09-21,9:31:00,21:56:00
2147,5,2024-09-21,9:56:00,21:56:00
2148,6,2024-09-21,9:53:00,21:01:00
2149,1,2024-09-22,9:23:00,21:03:00
2150,2,2024-09-22,9:08:00,21:55:00
2151,3,2024-09-22,9:20:00,21:48:00
2152,4,2024-09-22,9:20:00,21:24:00
2153,5,2024-09-22,9:01:00,21:15:00
2154,6,2024-09-22,9:54:00,21:02:00
2155,1,2024-09-23,9:09:00,21:56:00
2156,2,2024-09-23,9:14:00,21:08:00
2157,3,2024-09-23,9:55:00,21:32:00
2158,4,2024-09-23,9:35:00,21:02:00
2159,5,2024-09-23,9:25:00,21:30:00
2160,6,2024-09-23,9:23:00,21:11:00
2161,1,2024-09-24,9:17:00,21:22:00
2162,2,2024-09-24,9:19:00,21:49:00
2163,3,2024-09-24,9:15:00,21:15:00
2164,4,2024-09-24,9:18:00,21:27:00
2165,5,2024-09-24,9:18:00,21:27:00
2166,6,2024-09-24,9:17:00,21:23:00
2167,1,2024-09-25,9:12:00,21:30:00
2168,2,2024-09-25,9:24:00,21:41:00
2169,3,2024-09-25,9:03:00,21:43:00
2170,4,2024-09-25,9:41:00,21:41:00
2171,5,2024-09-25,9:44:00,21:41:00
2172,6,2024-09-25,9:58:00,21:37:00
2173,1,2024-09-26,9:29:00,21:22:00
2174,2,2024-09-26,9:37:00,21:30:00
2175,3,2024-09-26,9:56:00,21:37:00
2176,4,2024-09-26,9:49:00,21:50:00
2177,5,2024-09-26,9:36:00,21:26:00
2178,6,2024-09-26,9:30:00,21:53:00
2179,1,2024-09-27,9:27:00,21:40:00
2180,2,2024-09-27,9:31:00,21:27:00
2181,3,2024-09-27,9:35:00,21:16:00
2182,4,2024-09-27,9:47:00,21:09:00
2183,5,2024-09-27,9:51:00,21:03:00
2184,6,2024-09-27,9:21:00,21:32:00
2185,1,2024-09-28,9:11:00,21:17:00
2186,2,2024-09-28,9:37:00,21:06:00
2187,3,2024-09-28,9:03:00,21:26:00
2188,4,2024-09-28,9:43:00,21:05:00
2189,5,2024-09-28,9:57:00,21:01:00
2190,6,2024-09-28,9:07:00,21:17:00
2191,1,2024-09-29,9:15:00,21:30:00
2192,2,2024-09-29,9:16:00,21:40:00
2193,3,2024-09-29,9:28:00,21:57:00
2194,4,2024-09-29,9:51:00,21:29:00
2195,5,2024-09-29,9:54:00,21:26:00
2196,6,2024-09-29,9:17:00,21:22:00
2197,1,2024-09-30,9:50:00,21:03:00
2198,2,2024-09-30,9:42:00,21:37:00
2199,3,2024-09-30,9:05:00,21:14:00
2200,4,2024-09-30,9:39:00,21:05:00
2201,5,2024-09-30,9:13:00,21:55:00
2202,6,2024-09-30,9:55:00,21:14:00